x_value,total_1,total_2
0,1000,1000
1,996,1006
2,1001,1006
3,1006,1009
4,1000,1004
5,997,1010
6,999,1007
7,1007,1004
8,1001,1003
9,996,1004
10,999,1008
11,1003,1011
12,999,1017
13,1001,1021
14,1002,1018
15,997,1013
16,995,1011
17,999,1010
18,995,1009
19,1001,1005
20,1008,1003
21,1011,1007
22,1017,1005
23,1023,1007
24,1025,1005
25,1023,1003
26,1025,1003
27,1025,1009
28,1022,1014
29,1026,1010
30,1032,1010
31,1040,1006
32,1048,1003
33,1049,1009
34,1044,1005
35,1039,1010
36,1043,1015
37,1047,1021
38,1052,1027
39,1056,1028
40,1050,1030
41,1054,1031
42,1054,1035
43,1048,1032
44,1047,1032
45,1041,1031
46,1038,1028
47,1037,1027
48,1032,1027
49,1032,1032
50,1037,1035
51,1031,1035
52,1033,1041
53,1035,1039
54,1032,1044
55,1026,1039
56,1032,1037
57,1033,1043
58,1028,1041
59,1034,1045
60,1040,1041
61,1038,1043
62,1034,1044
63,1040,1047
64,1042,1051
65,1039,1054
66,1040,1057
67,1036,1053
68,1035,1048
69,1035,1052
70,1035,1057
71,1037,1057
72,1044,1058
73,1039,1062
74,1039,1061
75,1045,1066
76,1048,1062
77,1048,1060
78,1050,1065
79,1050,1060
80,1053,1066
81,1053,1067
82,1057,1072
83,1065,1072
84,1061,1075
85,1065,1073
86,1063,1070
87,1064,1067
88,1061,1067
89,1067,1073
90,1070,1075
91,1068,1070
92,1074,1072
93,1079,1067
94,1081,1062
95,1086,1062
96,1093,1058
97,1097,1059
98,1096,1062
99,1103,1061
100,1103,1065
101,1110,1067
102,1107,1063
103,1110,1059
104,1114,1055
105,1111,1057
106,1117,1063
107,1118,1064
108,1117,1062
109,1120,1061
110,1116,1058
111,1110,1055
112,1118,1052
113,1122,1055
114,1129,1055
115,1125,1054
116,1129,1060
117,1137,1063
118,1132,1058
119,1137,1057
120,1139,1060
121,1134,1062
122,1129,1063
123,1123,1059
124,1125,1059
125,1119,1059
126,1125,1061
127,1133,1063
128,1136,1062
129,1143,1063
130,1137,1066
131,1134,1066
132,1136,1063
133,1142,1062
134,1138,1062
135,1134,1057
136,1137,1058
137,1141,1053
138,1143,1049
139,1151,1044
140,1151,1049
141,1148,1049
142,1156,1046
143,1156,1046
144,1153,1045
145,1159,1046
146,1167,1048
147,1169,1044
148,1171,1048
149,1168,1047
150,1171,1047
151,1168,1047
152,1168,1053
153,1164,1057
154,1166,1063
155,1169,1065
156,1172,1066
157,1175,1068
158,1183,1074
159,1190,1079
160,1193,1078
161,1192,1083
162,1194,1084
163,1198,1079
164,1200,1078
165,1200,1079
166,1200,1074
167,1201,1070
168,1208,1075
169,1208,1071
170,1211,1073
171,1208,1079
172,1206,1085
173,1214,1086
174,1212,1085
175,1216,1091
176,1221,1091
177,1223,1096
178,1222,1099
179,1230,1097
180,1225,1103
181,1222,1104
182,1219,1109
183,1225,1104
184,1228,1104
185,1230,1110
186,1228,1107
187,1236,1112
188,1242,1109
189,1247,1104
190,1241,1107
191,1247,1106
192,1248,1101
193,1253,1099
194,1247,1099
195,1243,1097
196,1241,1103
197,1240,1098
198,1234,1095
199,1235,1095
200,1230,1095
201,1231,1091
202,1236,1095
203,1238,1091
204,1244,1097
205,1250,1098
206,1253,1096
207,1260,1101
208,1259,1100
209,1262,1104
210,1266,1102
211,1273,1098
212,1275,1094
213,1270,1098
214,1268,1103
215,1275,1108
216,1274,1108
217,1278,1103
218,1273,1105
219,1270,1111
220,1269,1107
221,1264,1104
222,1258,1106
223,1254,1102
224,1248,1102
225,1249,1097
226,1255,1094
227,1250,1090
228,1258,1096
229,1264,1098
230,1271,1093
231,1279,1091
232,1279,1090
233,1283,1089
234,1289,1094
235,1284,1095
236,1283,1092
237,1278,1095
238,1285,1098
239,1293,1102
240,1295,1099
241,1293,1103
242,1291,1108
243,1287,1105
244,1282,1111
245,1276,1113
246,1283,1112
247,1289,1109
248,1296,1115
249,1304,1120
250,1298,1115
251,1301,1121
252,1299,1127
253,1306,1131
254,1304,1136
255,1303,1136
256,1303,1142
257,1306,1146
258,1304,1143
259,1309,1145
260,1313,1142
261,1312,1139
262,1307,1143
263,1304,1143
264,1308,1142
265,1315,1140
266,1323,1135
267,1322,1133
268,1327,1137
269,1328,1134
270,1327,1134
271,1329,1138
272,1334,1135
273,1338,1139
274,1344,1135
275,1349,1135
276,1343,1140
277,1346,1145
278,1351,1148
279,1353,1154
280,1357,1151
281,1356,1146
282,1352,1142
283,1358,1143
284,1366,1148
285,1370,1143
286,1369,1149
287,1363,1153
288,1361,1154
289,1356,1151
290,1356,1152
291,1356,1155
292,1362,1156
293,1361,1155
294,1359,1159
295,1366,1157
296,1367,1163
297,1373,1160
298,1372,1166
299,1369,1167
300,1372,1168
301,1375,1170
302,1373,1175
303,1380,1181
304,1387,1180
305,1382,1185
306,1380,1188
307,1382,1183
308,1390,1184
309,1394,1188
310,1388,1188
311,1387,1184
312,1386,1186
313,1385,1191
314,1391,1196
315,1397,1201
316,1399,1196
317,1394,1196
318,1390,1194
319,1397,1192
320,1402,1190
321,1410,1189
322,1409,1189
323,1413,1194
324,1416,1193
325,1418,1197
326,1412,1199
327,1408,1203
328,1411,1202
329,1419,1206
330,1417,1208
331,1416,1204
332,1424,1204
333,1421,1208
334,1428,1213
335,1425,1216
336,1431,1218
337,1430,1214
338,1437,1211
339,1440,1214
340,1448,1220
341,1454,1225
342,1458,1228
343,1454,1234
344,1453,1229
345,1456,1227
346,1456,1226
347,1457,1227
348,1461,1229
349,1468,1228
350,1473,1227
351,1480,1224
352,1478,1226
353,1482,1227
354,1486,1224
355,1490,1220
356,1497,1220
357,1496,1221
358,1500,1226
359,1498,1225
360,1496,1226
361,1491,1232
362,1497,1227
363,1491,1229
364,1495,1230
365,1497,1234
366,1502,1233
367,1503,1236
368,1501,1234
369,1504,1233
370,1512,1230
371,1512,1230
372,1511,1234
373,1519,1238
374,1523,1237
375,1522,1238
376,1526,1238
377,1521,1241
378,1525,1242
379,1527,1241
380,1529,1239
381,1526,1243
382,1527,1238
383,1532,1240
384,1538,1246
385,1536,1247
386,1544,1249
387,1546,1247
388,1552,1244
389,1556,1239
390,1564,1237
391,1570,1243
392,1564,1247
393,1568,1250
394,1569,1245
395,1569,1248
396,1575,1253
397,1582,1256
398,1578,1257
399,1574,1259
400,1575,1259
401,1574,1258
402,1573,1257
403,1576,1260
404,1580,1265
405,1575,1262
406,1583,1265
407,1583,1265
408,1580,1261
409,1583,1257
410,1589,1260
411,1596,1266
412,1603,1265
413,1598,1270
414,1593,1265
415,1596,1266
416,1592,1269
417,1589,1265
418,1588,1262
419,1590,1259
420,1596,1262
421,1599,1262
422,1603,1266
423,1599,1271
424,1600,1268
425,1601,1263
426,1600,1262
427,1602,1265
428,1606,1263
429,1612,1267
430,1612,1273
431,1615,1273
432,1622,1276
433,1619,1276
434,1620,1282
435,1627,1283
436,1622,1283
437,1624,1283
438,1622,1288
439,1622,1284
440,1619,1285
441,1621,1281
442,1616,1286
443,1614,1289
444,1611,1284
445,1605,1283
446,1599,1285
447,1602,1285
448,1610,1281
449,1615,1284
450,1614,1279
451,1612,1280
452,1612,1284
453,1613,1288
454,1616,1287
455,1616,1293
456,1615,1292
457,1613,1290
458,1609,1294
459,1617,1299
460,1616,1296
461,1618,1302
462,1618,1297
463,1625,1299
464,1625,1294
465,1629,1295
466,1634,1301
467,1642,1302
468,1641,1303
469,1635,1300
470,1642,1304
471,1646,1299
472,1644,1303
473,1644,1306
474,1638,1308
475,1642,1307
476,1647,1309
477,1649,1312
478,1654,1316
479,1653,1322
480,1659,1321
481,1666,1316
482,1669,1315
483,1672,1316
484,1671,1317
485,1678,1323
486,1676,1325
487,1684,1322
488,1692,1321
489,1686,1320
490,1683,1321
491,1686,1327
492,1680,1332
493,1685,1338
494,1685,1338
495,1680,1336
496,1682,1341
497,1685,1346
498,1688,1346
499,1687,1352
500,1688,1348
501,1686,1346
502,1680,1344
503,1678,1339
504,1686,1340
505,1688,1341
506,1692,1343
507,1700,1344
508,1699,1340
509,1704,1335
510,1704,1335
511,1698,1331
512,1701,1335
513,1704,1333
514,1712,1335
515,1713,1332
516,1709,1334
517,1709,1333
518,1707,1334
519,1707,1340
520,1709,1342
521,1707,1344
522,1701,1344
523,1706,1341
524,1701,1342
525,1696,1345
526,1704,1342
527,1710,1346
528,1706,1346
529,1703,1350
530,1698,1351
531,1696,1349
532,1697,1344
533,1702,1350
534,1702,1356
535,1707,1351
536,1705,1348
537,1710,1344
538,1704,1345
539,1701,1350
540,1703,1351
541,1705,1346
542,1712,1348
543,1713,1343
544,1718,1346
545,1719,1350
546,1723,1345
547,1727,1350
548,1727,1353
549,1733,1353
550,1729,1357
551,1726,1358
552,1728,1353
553,1735,1354
554,1737,1358
555,1740,1356
556,1735,1351
557,1739,1350
558,1735,1355
559,1735,1360
560,1735,1362
561,1732,1359
562,1728,1361
563,1736,1357
564,1736,1358
565,1731,1361
566,1737,1358
567,1744,1359
568,1742,1365
569,1741,1370
570,1739,1375
571,1745,1374
572,1748,1373
573,1743,1368
574,1748,1364
575,1750,1364
576,1744,1362
577,1751,1366
578,1755,1367
579,1749,1365
580,1756,1360
581,1752,1356
582,1756,1354
583,1756,1357
584,1758,1356
585,1756,1351
586,1758,1351
587,1759,1353
588,1761,1351
589,1759,1357
590,1763,1359
591,1759,1360
592,1760,1361
593,1761,1360
594,1769,1357
595,1765,1356
596,1769,1357
597,1766,1358
598,1768,1362
599,1768,1363
600,1765,1367
601,1764,1373
602,1760,1373
603,1755,1374
604,1763,1374
605,1763,1374
606,1765,1375
607,1770,1375
608,1778,1374
609,1785,1371
610,1785,1367
611,1784,1364
612,1787,1365
613,1792,1368
614,1792,1366
615,1787,1371
616,1786,1375
617,1782,1379
618,1790,1377
619,1790,1382
620,1787,1382
621,1789,1382
622,1786,1384
623,1793,1385
624,1794,1384
625,1793,1390
626,1801,1391
627,1803,1388
628,1805,1384
629,1810,1389
630,1812,1384
631,1809,1389
632,1810,1391
633,1816,1390
634,1813,1388
635,1807,1386
636,1808,1386
637,1812,1382
638,1806,1379
639,1803,1376
640,1797,1381
641,1804,1381
642,1800,1377
643,1794,1375
644,1802,1376
645,1800,1382
646,1797,1384
647,1802,1382
648,1799,1386
649,1806,1389
650,1803,1385
651,1810,1384
652,1809,1387
653,1815,1389
654,1823,1394
655,1817,1393
656,1821,1388
657,1815,1391
658,1821,1387
659,1817,1389
660,1811,1385
661,1815,1386
662,1809,1383
663,1814,1387
664,1822,1389
665,1819,1385
666,1817,1384
667,1821,1387
668,1821,1383
669,1823,1385
670,1819,1386
671,1819,1391
672,1825,1393
673,1830,1398
674,1834,1400
675,1832,1399
676,1833,1401
677,1832,1401
678,1831,1399
679,1839,1394
680,1841,1392
681,1835,1389
682,1829,1394
683,1824,1395
684,1828,1391
685,1825,1391
686,1833,1395
687,1830,1401
688,1825,1400
689,1833,1404
690,1839,1410
691,1843,1416
692,1846,1413
693,1854,1416
694,1848,1418
695,1843,1424
696,1846,1425
697,1841,1430
698,1848,1426
699,1848,1430
700,1855,1431
701,1861,1428
702,1861,1427
703,1857,1423
704,1856,1429
705,1863,1425
706,1862,1424
707,1860,1420
708,1858,1421
709,1852,1419
710,1855,1423
711,1858,1423
712,1857,1425
713,1855,1421
714,1852,1423
715,1855,1428
716,1863,1425
717,1860,1421
718,1856,1419
719,1864,1414
720,1870,1415
721,1866,1420
722,1874,1424
723,1870,1427
724,1864,1429
725,1861,1424
726,1862,1426
727,1870,1426
728,1864,1432
729,1868,1431
730,1875,1431
731,1881,1427
732,1882,1428
733,1883,1424
734,1883,1420
735,1883,1425
736,1891,1431
737,1892,1430
738,1891,1434
739,1889,1431
740,1893,1433
741,1896,1428
742,1902,1425
743,1904,1420
744,1899,1424
745,1906,1419
746,1912,1425
747,1908,1427
748,1912,1423
749,1917,1419
750,1916,1416
751,1923,1415
752,1922,1421
753,1922,1420
754,1924,1422
755,1932,1419
756,1940,1414
757,1943,1420
758,1939,1417
759,1946,1418
760,1948,1414
761,1948,1411
762,1953,1406
763,1951,1412
764,1953,1416
765,1949,1414
766,1951,1417
767,1949,1418
768,1951,1413
769,1946,1416
770,1944,1418
771,1951,1418
772,1957,1414
773,1957,1416
774,1958,1422
775,1963,1426
776,1960,1432
777,1965,1431
778,1964,1427
779,1963,1429
780,1959,1431
781,1955,1437
782,1950,1436
783,1955,1437
784,1953,1433
785,1953,1434
786,1954,1429
787,1956,1426
788,1953,1427
789,1957,1431
790,1960,1428
791,1959,1431
792,1966,1433
793,1974,1431
794,1970,1430
795,1976,1428
796,1976,1429
797,1970,1428
798,1965,1429
799,1959,1429
800,1959,1430
801,1961,1428
802,1958,1430
803,1965,1433
804,1965,1432
805,1963,1436
806,1963,1439
807,1960,1434
808,1960,1435
809,1967,1436
810,1966,1431
811,1960,1437
812,1958,1432
813,1953,1435
814,1961,1432
815,1957,1430
816,1954,1433
817,1955,1428
818,1962,1432
819,1962,1437
820,1961,1435
821,1966,1436
822,1962,1436
823,1956,1438
824,1953,1441
825,1956,1445
826,1964,1442
827,1962,1441
828,1967,1446
829,1962,1444
830,1958,1449
831,1964,1449
832,1963,1445
833,1967,1450
834,1971,1447
835,1970,1453
836,1973,1456
837,1981,1453
838,1985,1453
839,1984,1456
840,1991,1456
841,1994,1461
842,1990,1462
843,1998,1465
844,2002,1460
845,2004,1458
846,2003,1459
847,2002,1465
848,2005,1464
849,2001,1469
850,2006,1474
851,2010,1471
852,2016,1466
853,2022,1461
854,2027,1460
855,2021,1465
856,2024,1464
857,2019,1461
858,2016,1463
859,2019,1467
860,2018,1468
861,2018,1474
862,2012,1470
863,2007,1466
864,2009,1465
865,2010,1469
866,2018,1468
867,2020,1467
868,2024,1472
869,2025,1474
870,2026,1476
871,2034,1472
872,2034,1467
873,2030,1468
874,2026,1465
875,2024,1469
876,2030,1467
877,2029,1464
878,2032,1461
879,2030,1460
880,2029,1465
881,2034,1465
882,2035,1471
883,2040,1470
884,2047,1470
885,2041,1468
886,2043,1463
887,2048,1466
888,2044,1466
889,2044,1464
890,2040,1465
891,2045,1462
892,2039,1464
893,2043,1469
894,2040,1472
895,2034,1471
896,2034,1471
897,2038,1471
898,2040,1473
899,2038,1476
900,2036,1475
901,2036,1473
902,2039,1479
903,2039,1477
904,2035,1478
905,2037,1480
906,2036,1480
907,2032,1485
908,2037,1490
909,2032,1489
910,2035,1490
911,2033,1489
912,2035,1494
913,2041,1489
914,2042,1491
915,2039,1490
916,2041,1494
917,2047,1496
918,2044,1491
919,2044,1492
920,2041,1488
921,2039,1494
922,2042,1489
923,2047,1493
924,2053,1492
925,2050,1492
926,2048,1489
927,2052,1493
928,2055,1497
929,2051,1495
930,2045,1498
931,2043,1493
932,2049,1494
933,2044,1495
934,2050,1497
935,2044,1493
936,2039,1491
937,2044,1493
938,2041,1496
939,2044,1499
940,2052,1502
941,2053,1500
942,2057,1495
943,2056,1491
944,2063,1490
945,2070,1493
946,2074,1493
947,2081,1489
948,2077,1493
949,2071,1491
950,2079,1494
951,2080,1489
952,2078,1484
953,2085,1481
954,2079,1482
955,2074,1483
956,2079,1482
957,2073,1487
958,2074,1489
959,2074,1489
960,2073,1486
961,2078,1489
962,2080,1489
963,2087,1484
964,2082,1488
965,2079,1489
966,2087,1491
967,2082,1487
968,2084,1482
969,2082,1478
970,2077,1484
971,2085,1480
972,2087,1481
973,2085,1482
974,2088,1483
975,2089,1484
976,2093,1482
977,2091,1483
978,2085,1481
979,2087,1479
980,2091,1478
981,2087,1481
982,2083,1478
983,2079,1476
984,2074,1474
985,2068,1480
986,2071,1482
987,2068,1487
988,2063,1483
989,2069,1484
990,2065,1485
991,2066,1483
992,2060,1484
993,2061,1483
994,2061,1481
995,2057,1484
996,2064,1489
997,2063,1489
998,2065,1491
999,2073,1493
1000,2068,1493
1001,2062,1493
1002,2063,1495
1003,2057,1496
1004,2058,1499
1005,2054,1500
1006,2056,1501
1007,2064,1506
1008,2058,1510
1009,2054,1509
1010,2059,1510
1011,2060,1509
1012,2064,1508
1013,2060,1511
1014,2058,1506
1015,2055,1512
1016,2055,1518
1017,2050,1519
1018,2058,1523
1019,2061,1522
1020,2062,1524
1021,2066,1529
1022,2062,1533
1023,2064,1531
1024,2064,1532
1025,2059,1533
1026,2056,1531
1027,2058,1536
1028,2057,1532
1029,2052,1531
1030,2051,1536
1031,2056,1534
1032,2056,1529
1033,2059,1530
1034,2066,1527
1035,2070,1524
1036,2070,1524
1037,2064,1528
1038,2067,1533
1039,2063,1535
1040,2065,1541
1041,2071,1540
1042,2073,1537
1043,2071,1542
1044,2071,1547
1045,2070,1547
1046,2073,1547
1047,2079,1552
1048,2080,1558
1049,2087,1563
1050,2089,1559
1051,2088,1556
1052,2084,1562
1053,2087,1557
1054,2088,1559
1055,2093,1556
1056,2099,1555
1057,2105,1550
1058,2108,1550
1059,2113,1549
1060,2118,1553
1061,2113,1558
1062,2108,1558
1063,2110,1561
1064,2108,1559
1065,2107,1555
1066,2104,1555
1067,2107,1558
1068,2112,1559
1069,2113,1559
1070,2113,1554
1071,2115,1550
1072,2119,1548
1073,2118,1551
1074,2125,1554
1075,2121,1559
1076,2126,1557
1077,2131,1560
1078,2125,1555
1079,2133,1556
1080,2141,1562
1081,2144,1564
1082,2139,1567
1083,2138,1572
1084,2132,1569
1085,2128,1575
1086,2135,1572
1087,2133,1575
1088,2130,1575
1089,2129,1571
1090,2131,1566
1091,2134,1566
1092,2137,1566
1093,2132,1570
1094,2137,1570
1095,2134,1575
1096,2140,1577
1097,2135,1576
1098,2134,1579
1099,2137,1584
1100,2141,1587
1101,2145,1584
1102,2146,1589
1103,2151,1584
1104,2154,1588
1105,2156,1594
1106,2164,1592
1107,2159,1597
1108,2164,1599
1109,2169,1602
1110,2163,1604
1111,2163,1599
1112,2161,1602
1113,2161,1603
1114,2163,1609
1115,2164,1607
1116,2169,1603
1117,2167,1600
1118,2168,1603
1119,2174,1599
1120,2178,1594
1121,2179,1596
1122,2173,1597
1123,2169,1592
1124,2166,1596
1125,2163,1594
1126,2168,1589
1127,2168,1585
1128,2174,1589
1129,2175,1589
1130,2180,1594
1131,2174,1599
1132,2178,1595
1133,2180,1601
1134,2177,1601
1135,2172,1602
1136,2180,1597
1137,2176,1595
1138,2174,1595
1139,2168,1597
1140,2167,1600
1141,2170,1604
1142,2169,1601
1143,2165,1596
1144,2159,1596
1145,2164,1598
1146,2164,1604
1147,2169,1603
1148,2171,1604
1149,2169,1600
1150,2165,1603
1151,2162,1606
1152,2157,1605
1153,2152,1601
1154,2152,1598
1155,2156,1602
1156,2151,1602
1157,2152,1603
1158,2148,1603
1159,2144,1599
1160,2147,1600
1161,2151,1602
1162,2154,1606
1163,2160,1611
1164,2161,1617
1165,2158,1618
1166,2157,1615
1167,2155,1621
1168,2159,1622
1169,2159,1628
1170,2156,1631
1171,2160,1631
1172,2154,1633
1173,2161,1635
1174,2156,1630
1175,2161,1625
1176,2158,1629
1177,2153,1628
1178,2161,1631
1179,2155,1632
1180,2153,1635
1181,2156,1631
1182,2154,1632
1183,2161,1628
1184,2169,1626
1185,2164,1622
1186,2166,1618
1187,2160,1622
1188,2165,1628
1189,2169,1623
1190,2177,1629
1191,2183,1632
1192,2183,1634
1193,2185,1635
1194,2182,1635
1195,2177,1640
1196,2173,1638
1197,2173,1635
1198,2172,1640
1199,2178,1642
1200,2173,1642
1201,2168,1641
1202,2165,1640
1203,2159,1635
1204,2166,1638
1205,2164,1639
1206,2167,1639
1207,2166,1637
1208,2172,1641
1209,2175,1637
1210,2179,1633
1211,2181,1632
1212,2180,1635
1213,2178,1637
1214,2182,1640
1215,2186,1639
1216,2180,1643
1217,2179,1645
1218,2182,1640
1219,2179,1638
1220,2180,1636
1221,2177,1631
1222,2181,1630
1223,2181,1627
1224,2188,1626
1225,2189,1621
1226,2187,1619
1227,2186,1619
1228,2187,1621
1229,2183,1619
1230,2178,1618
1231,2183,1620
1232,2181,1626
1233,2179,1624
1234,2183,1621
1235,2181,1622
1236,2175,1627
1237,2183,1624
1238,2177,1626
1239,2179,1630
1240,2183,1631
1241,2191,1632
1242,2199,1630
1243,2193,1635
1244,2201,1632
1245,2199,1632
1246,2206,1630
1247,2210,1628
1248,2212,1634
1249,2211,1633
1250,2209,1628
1251,2205,1623
1252,2207,1624
1253,2203,1623
1254,2206,1621
1255,2203,1624
1256,2198,1625
1257,2196,1626
1258,2203,1627
1259,2202,1623
1260,2204,1624
1261,2209,1620
1262,2213,1622
1263,2213,1624
1264,2214,1630
1265,2218,1629
1266,2221,1627
1267,2222,1623
1268,2219,1624
1269,2219,1619
1270,2226,1618
1271,2227,1618
1272,2224,1617
1273,2219,1615
1274,2215,1612
1275,2212,1617
1276,2217,1622
1277,2223,1619
1278,2230,1615
1279,2231,1618
1280,2236,1617
1281,2239,1614
1282,2245,1616
1283,2249,1613
1284,2245,1617
1285,2245,1613
1286,2252,1612
1287,2246,1612
1288,2247,1611
1289,2250,1617
1290,2252,1616
1291,2260,1620
1292,2258,1621
1293,2253,1624
1294,2253,1624
1295,2256,1626
1296,2256,1629
1297,2250,1630
1298,2251,1635
1299,2255,1633
1300,2249,1630
1301,2248,1626
1302,2245,1621
1303,2252,1617
1304,2255,1621
1305,2249,1617
1306,2250,1621
1307,2257,1627
1308,2260,1629
1309,2258,1635
1310,2256,1638
1311,2262,1643
1312,2269,1649
1313,2266,1654
1314,2269,1658
1315,2267,1662
1316,2274,1666
1317,2278,1667
1318,2278,1664
1319,2274,1670
1320,2282,1668
1321,2280,1670
1322,2284,1668
1323,2291,1672
1324,2291,1677
1325,2289,1672
1326,2285,1670
1327,2279,1670
1328,2278,1672
1329,2283,1669
1330,2286,1675
1331,2294,1672
1332,2292,1674
1333,2290,1678
1334,2291,1677
1335,2299,1679
1336,2299,1674
1337,2303,1676
1338,2304,1675
1339,2302,1678
1340,2301,1682
1341,2305,1678
1342,2312,1675
1343,2312,1681
1344,2311,1678
1345,2311,1681
1346,2307,1683
1347,2304,1678
1348,2302,1677
1349,2305,1674
1350,2304,1673
1351,2300,1671
1352,2308,1670
1353,2304,1669
1354,2301,1667
1355,2304,1667
1356,2305,1664
1357,2310,1662
1358,2307,1664
1359,2315,1661
1360,2322,1663
1361,2322,1667
1362,2326,1664
1363,2324,1668
1364,2321,1671
1365,2327,1674
1366,2334,1671
1367,2329,1676
1368,2336,1682
1369,2339,1677
1370,2335,1682
1371,2329,1680
1372,2331,1681
1373,2337,1684
1374,2333,1688
1375,2340,1686
1376,2345,1684
1377,2349,1687
1378,2351,1684
1379,2356,1689
1380,2363,1687
1381,2371,1685
1382,2365,1685
1383,2361,1681
1384,2363,1686
1385,2367,1684
1386,2364,1689
1387,2360,1684
1388,2364,1688
1389,2360,1685
1390,2354,1688
1391,2359,1694
1392,2361,1694
1393,2367,1691
1394,2375,1686
1395,2382,1684
1396,2385,1689
1397,2385,1695
1398,2379,1693
1399,2377,1699
1400,2372,1700
1401,2379,1706
1402,2381,1704
1403,2389,1709
1404,2393,1713
1405,2400,1716
1406,2398,1722
1407,2406,1720
1408,2413,1722
1409,2409,1727
1410,2408,1723
1411,2416,1728
1412,2413,1732
1413,2411,1736
1414,2416,1737
1415,2413,1734
1416,2414,1739
1417,2420,1741
1418,2414,1742
1419,2416,1742
1420,2422,1741
1421,2420,1736
1422,2415,1742
1423,2416,1746
1424,2424,1744
1425,2418,1740
1426,2414,1739
1427,2422,1742
1428,2418,1744
1429,2415,1745
1430,2418,1744
1431,2417,1739
1432,2413,1737
1433,2415,1737
1434,2410,1743
1435,2406,1747
1436,2411,1744
1437,2409,1749
1438,2412,1752
1439,2411,1756
1440,2416,1755
1441,2423,1759
1442,2421,1765
1443,2423,1770
1444,2427,1767
1445,2432,1772
1446,2427,1770
1447,2426,1776
1448,2427,1771
1449,2433,1769
1450,2434,1773
1451,2429,1771
1452,2431,1770
1453,2439,1768
1454,2439,1764
1455,2438,1765
1456,2446,1771
1457,2454,1777
1458,2457,1783
1459,2451,1783
1460,2445,1780
1461,2444,1776
1462,2448,1776
1463,2446,1772
1464,2441,1770
1465,2444,1765
1466,2449,1768
1467,2446,1772
1468,2452,1771
1469,2458,1769
1470,2463,1766
1471,2457,1768
1472,2454,1766
1473,2453,1769
1474,2454,1767
1475,2455,1768
1476,2459,1770
1477,2467,1776
1478,2473,1777
1479,2468,1773
1480,2465,1773
1481,2461,1778
1482,2458,1779
1483,2466,1775
1484,2461,1779
1485,2465,1781
1486,2460,1782
1487,2456,1784
1488,2455,1786
1489,2457,1786
1490,2455,1787
1491,2452,1791
1492,2453,1796
1493,2457,1801
1494,2459,1807
1495,2460,1804
1496,2459,1808
1497,2457,1813
1498,2456,1819
1499,2453,1821
1500,2457,1818
1501,2465,1824
1502,2463,1826
1503,2471,1824
1504,2468,1827
1505,2468,1826
1506,2475,1822
1507,2480,1819
1508,2484,1820
1509,2485,1821
1510,2485,1825
1511,2492,1830
1512,2499,1836
1513,2501,1842
1514,2497,1842
1515,2503,1847
1516,2501,1846
1517,2502,1843
1518,2507,1842
1519,2510,1845
1520,2505,1846
1521,2501,1847
1522,2504,1847
1523,2502,1846
1524,2507,1850
1525,2510,1850
1526,2512,1845
1527,2509,1840
1528,2513,1845
1529,2518,1849
1530,2521,1851
1531,2524,1846
1532,2519,1846
1533,2522,1848
1534,2530,1846
1535,2537,1845
1536,2541,1841
1537,2541,1841
1538,2536,1836
1539,2541,1834
1540,2541,1838
1541,2546,1839
1542,2542,1836
1543,2538,1836
1544,2533,1838
1545,2531,1834
1546,2535,1833
1547,2534,1828
1548,2537,1832
1549,2541,1831
1550,2547,1826
1551,2553,1822
1552,2558,1822
1553,2563,1818
1554,2561,1816
1555,2558,1816
1556,2566,1818
1557,2568,1816
1558,2563,1814
1559,2565,1812
1560,2569,1816
1561,2565,1815
1562,2571,1815
1563,2565,1815
1564,2560,1820
1565,2555,1821
1566,2552,1826
1567,2558,1826
1568,2556,1821
1569,2557,1823
1570,2560,1826
1571,2560,1826
1572,2557,1826
1573,2559,1828
1574,2566,1834
1575,2566,1833
1576,2574,1828
1577,2580,1831
1578,2587,1829
1579,2589,1834
1580,2597,1839
1581,2597,1845
1582,2591,1841
1583,2591,1836
1584,2594,1836
1585,2599,1833
1586,2593,1835
1587,2596,1830
1588,2601,1835
1589,2599,1835
1590,2605,1835
1591,2605,1834
1592,2603,1840
1593,2603,1843
1594,2611,1849
1595,2608,1853
1596,2615,1854
1597,2611,1857
1598,2614,1853
1599,2618,1856
1600,2623,1851
1601,2624,1846
1602,2628,1847
1603,2628,1845
1604,2632,1846
1605,2636,1848
1606,2640,1847
1607,2637,1843
1608,2631,1846
1609,2633,1845
1610,2631,1840
1611,2630,1845
1612,2637,1843
1613,2638,1839
1614,2635,1840
1615,2638,1841
1616,2644,1839
1617,2652,1845
1618,2654,1843
1619,2661,1838
1620,2655,1836
1621,2649,1833
1622,2650,1833
1623,2647,1828
1624,2655,1829
1625,2658,1831
1626,2661,1833
1627,2669,1837
1628,2669,1836
1629,2675,1841
1630,2675,1843
1631,2671,1842
1632,2677,1847
1633,2671,1845
1634,2666,1846
1635,2671,1848
1636,2670,1843
1637,2678,1841
1638,2680,1844
1639,2677,1845
1640,2676,1842
1641,2673,1844
1642,2670,1847
1643,2671,1843
1644,2671,1844
1645,2666,1850
1646,2671,1846
1647,2669,1851
1648,2674,1852
1649,2673,1854
1650,2669,1859
1651,2677,1863
1652,2677,1861
1653,2685,1866
1654,2693,1870
1655,2700,1874
1656,2701,1869
1657,2698,1868
1658,2702,1870
1659,2705,1873
1660,2703,1869
1661,2700,1867
1662,2698,1865
1663,2702,1867
1664,2703,1869
1665,2711,1873
1666,2709,1879
1667,2717,1878
1668,2713,1873
1669,2713,1879
1670,2709,1877
1671,2712,1875
1672,2715,1872
1673,2721,1871
1674,2720,1875
1675,2714,1877
1676,2722,1878
1677,2716,1877
1678,2720,1873
1679,2725,1872
1680,2729,1872
1681,2727,1878
1682,2734,1875
1683,2729,1874
1684,2736,1874
1685,2730,1871
1686,2732,1877
1687,2736,1874
1688,2740,1871
1689,2743,1877
1690,2740,1878
1691,2744,1875
1692,2741,1881
1693,2742,1887
1694,2745,1884
1695,2746,1883
1696,2752,1880
1697,2746,1884
1698,2745,1885
1699,2739,1890
1700,2740,1885
1701,2734,1882
1702,2734,1877
1703,2735,1879
1704,2732,1874
1705,2727,1870
1706,2730,1872
1707,2738,1867
1708,2738,1872
1709,2743,1869
1710,2739,1873
1711,2744,1869
1712,2738,1866
1713,2736,1865
1714,2732,1869
1715,2739,1869
1716,2739,1870
1717,2745,1866
1718,2743,1872
1719,2748,1874
1720,2753,1875
1721,2759,1877
1722,2762,1881
1723,2770,1884
1724,2776,1886
1725,2784,1889
1726,2788,1891
1727,2784,1897
1728,2782,1895
1729,2785,1898
1730,2787,1897
1731,2787,1897
1732,2786,1892
1733,2794,1894
1734,2799,1900
1735,2795,1905
1736,2790,1902
1737,2798,1906
1738,2799,1903
1739,2800,1903
1740,2796,1904
1741,2803,1903
1742,2801,1899
1743,2809,1898
1744,2817,1898
1745,2815,1896
1746,2810,1895
1747,2808,1890
1748,2814,1890
1749,2820,1887
1750,2815,1891
1751,2813,1897
1752,2816,1893
1753,2816,1895
1754,2819,1898
1755,2816,1894
1756,2819,1889
1757,2813,1892
1758,2814,1887
1759,2816,1888
1760,2816,1884
1761,2824,1889
1762,2830,1894
1763,2836,1899
1764,2841,1894
1765,2843,1900
1766,2847,1896
1767,2846,1900
1768,2850,1905
1769,2844,1907
1770,2844,1903
1771,2844,1908
1772,2845,1912
1773,2839,1909
1774,2838,1906
1775,2837,1905
1776,2841,1910
1777,2835,1911
1778,2840,1908
1779,2848,1906
1780,2850,1905
1781,2855,1907
1782,2849,1904
1783,2852,1909
1784,2849,1908
1785,2848,1910
1786,2854,1907
1787,2853,1902
1788,2859,1902
1789,2861,1902
1790,2862,1903
1791,2870,1902
1792,2876,1906
1793,2878,1906
1794,2876,1901
1795,2881,1902
1796,2886,1900
1797,2894,1897
1798,2897,1893
1799,2905,1895
1800,2903,1900
1801,2907,1898
1802,2903,1896
1803,2908,1892
1804,2913,1898
1805,2915,1894
1806,2914,1899
1807,2913,1903
1808,2915,1898
1809,2920,1901
1810,2927,1903
1811,2935,1909
1812,2933,1909
1813,2930,1909
1814,2925,1908
1815,2922,1905
1816,2921,1909
1817,2922,1911
1818,2929,1909
1819,2926,1905
1820,2924,1904
1821,2927,1903
1822,2926,1902
1823,2928,1901
1824,2934,1897
1825,2928,1896
1826,2923,1900
1827,2921,1897
1828,2917,1892
1829,2917,1887
1830,2922,1886
1831,2916,1891
1832,2912,1891
1833,2906,1888
1834,2907,1892
1835,2901,1895
1836,2900,1899
1837,2908,1899
1838,2913,1894
1839,2910,1891
1840,2917,1893
1841,2925,1896
1842,2920,1891
1843,2915,1894
1844,2922,1893
1845,2916,1892
1846,2920,1895
1847,2927,1900
1848,2926,1903
1849,2933,1905
1850,2935,1904
1851,2931,1905
1852,2929,1905
1853,2923,1905
1854,2923,1904
1855,2928,1905
1856,2934,1910
1857,2936,1912
1858,2942,1909
1859,2942,1908
1860,2945,1906
1861,2942,1904
1862,2940,1906
1863,2944,1904
1864,2938,1910
1865,2942,1912
1866,2945,1918
1867,2951,1916
1868,2949,1915
1869,2956,1915
1870,2959,1920
1871,2961,1917
1872,2963,1918
1873,2968,1917
1874,2965,1918
1875,2965,1918
1876,2966,1916
1877,2973,1911
1878,2973,1907
1879,2980,1902
1880,2979,1905
1881,2979,1905
1882,2977,1908
1883,2974,1907
1884,2977,1904
1885,2982,1908
1886,2976,1906
1887,2972,1906
1888,2974,1906
1889,2970,1911
1890,2964,1917
1891,2963,1922
1892,2966,1926
1893,2965,1929
1894,2966,1935
1895,2962,1938
1896,2967,1937
1897,2965,1940
1898,2966,1936
1899,2961,1932
1900,2965,1930
1901,2972,1929
1902,2980,1930
1903,2987,1932
1904,2989,1931
1905,2984,1929
1906,2982,1924
1907,2984,1920
1908,2989,1925
1909,2992,1930
1910,2998,1931
1911,2993,1929
1912,2993,1933
1913,2990,1931
1914,2991,1931
1915,2989,1928
1916,2984,1931
1917,2978,1934
1918,2973,1939
1919,2974,1944
1920,2977,1947
1921,2972,1944
1922,2971,1945
1923,2965,1947
1924,2968,1951
1925,2969,1956
1926,2965,1956
1927,2970,1952
1928,2968,1955
1929,2973,1956
1930,2967,1962
1931,2961,1965
1932,2956,1966
1933,2952,1972
1934,2955,1971
1935,2959,1968
1936,2959,1971
1937,2965,1968
1938,2967,1965
1939,2971,1970
1940,2977,1968
1941,2971,1974
1942,2972,1975
1943,2979,1974
1944,2982,1980
1945,2979,1982
1946,2983,1985
1947,2980,1991
1948,2986,1988
1949,2992,1991
1950,2999,1987
1951,2996,1992
1952,2992,1998
1953,2996,1999
1954,3001,2003
1955,3004,2004
1956,3007,1999
1957,3012,2004
1958,3018,2010
1959,3024,2006
1960,3019,2011
1961,3016,2013
1962,3018,2018
1963,3016,2016
1964,3010,2019
1965,3016,2023
1966,3016,2028
1967,3014,2027
1968,3016,2022
1969,3023,2028
1970,3017,2027
1971,3014,2027
1972,3020,2033
1973,3024,2036
1974,3026,2041
1975,3032,2047
1976,3039,2051
1977,3035,2053
1978,3041,2054
1979,3048,2054
1980,3055,2055
1981,3051,2050
1982,3045,2045
1983,3039,2048
1984,3041,2043
1985,3043,2041
1986,3037,2046
1987,3044,2051
1988,3043,2052
1989,3043,2057
1990,3040,2052
1991,3044,2056
1992,3049,2055
1993,3051,2059
1994,3054,2058
1995,3053,2057
1996,3053,2052
1997,3055,2049
1998,3055,2045
1999,3056,2048
2000,3057,2053
2001,3065,2053
2002,3066,2059
2003,3070,2065
2004,3067,2063
2005,3062,2062
2006,3060,2060
2007,3057,2057
2008,3062,2055
2009,3061,2050
2010,3068,2050
2011,3072,2053
2012,3066,2048
2013,3074,2050
2014,3072,2054
2015,3076,2050
2016,3072,2052
2017,3079,2048
2018,3080,2052
2019,3086,2052
2020,3083,2053
2021,3090,2058
2022,3095,2064
2023,3091,2070
2024,3093,2073
2025,3095,2078
2026,3103,2074
2027,3106,2079
2028,3113,2074
2029,3113,2079
2030,3112,2082
2031,3114,2085
2032,3115,2087
2033,3116,2090
2034,3110,2096
2035,3113,2099
2036,3115,2105
2037,3111,2109
2038,3108,2108
2039,3103,2108
2040,3110,2107
2041,3111,2107
2042,3110,2109
2043,3106,2113
2044,3100,2109
2045,3103,2105
2046,3105,2105
2047,3113,2106
2048,3120,2101
2049,3120,2096
2050,3117,2097
2051,3115,2096
2052,3114,2092
2053,3114,2095
2054,3116,2091
2055,3111,2091
2056,3106,2091
2057,3107,2093
2058,3101,2096
2059,3106,2094
2060,3104,2094
2061,3105,2094
2062,3100,2097
2063,3101,2097
2064,3103,2099
2065,3108,2098
2066,3107,2093
2067,3102,2099
2068,3100,2095
2069,3108,2096
2070,3116,2098
2071,3113,2104
2072,3113,2103
2073,3118,2100
2074,3118,2095
2075,3119,2095
2076,3123,2095
2077,3130,2095
2078,3126,2090
2079,3134,2092
2080,3134,2088
2081,3141,2087
2082,3145,2092
2083,3148,2087
2084,3151,2087
2085,3145,2084
2086,3139,2083
2087,3147,2080
2088,3154,2075
2089,3158,2073
2090,3161,2070
2091,3160,2075
2092,3155,2071
2093,3163,2073
2094,3165,2078
2095,3159,2080
2096,3153,2076
2097,3155,2074
2098,3160,2080
2099,3155,2076
2100,3160,2079
2101,3155,2077
2102,3150,2072
2103,3152,2077
2104,3159,2072
2105,3161,2074
2106,3167,2076
2107,3164,2074
2108,3164,2074
2109,3164,2071
2110,3169,2071
2111,3174,2075
2112,3178,2078
2113,3185,2076
2114,3184,2078
2115,3179,2084
2116,3180,2080
2117,3184,2086
2118,3185,2090
2119,3187,2095
2120,3189,2097
2121,3194,2103
2122,3198,2109
2123,3200,2107
2124,3206,2110
2125,3214,2113
2126,3210,2119
2127,3209,2115
2128,3206,2113
2129,3204,2115
2130,3201,2119
2131,3198,2119
2132,3197,2116
2133,3201,2113
2134,3207,2111
2135,3201,2109
2136,3208,2106
2137,3211,2112
2138,3215,2114
2139,3218,2120
2140,3212,2125
2141,3213,2128
2142,3210,2129
2143,3211,2129
2144,3205,2128
2145,3203,2124
2146,3201,2121
2147,3204,2127
2148,3208,2129
2149,3216,2135
2150,3213,2130
2151,3210,2129
2152,3207,2124
2153,3204,2130
2154,3204,2129
2155,3200,2127
2156,3208,2131
2157,3213,2131
2158,3221,2137
2159,3221,2139
2160,3225,2144
2161,3221,2139
2162,3216,2145
2163,3213,2142
2164,3209,2139
2165,3206,2144
2166,3214,2142
2167,3218,2147
2168,3219,2153
2169,3225,2157
2170,3222,2163
2171,3223,2163
2172,3222,2162
2173,3216,2161
2174,3210,2161
2175,3210,2156
2176,3205,2158
2177,3206,2160
2178,3211,2165
2179,3214,2161
2180,3212,2167
2181,3217,2162
2182,3221,2164
2183,3217,2167
2184,3220,2166
2185,3217,2163
2186,3219,2162
2187,3221,2161
2188,3227,2162
2189,3235,2163
2190,3236,2159
2191,3231,2159
2192,3235,2156
2193,3230,2151
2194,3226,2147
2195,3228,2143
2196,3231,2142
2197,3225,2144
2198,3230,2141
2199,3227,2146
2200,3228,2149
2201,3225,2152
2202,3220,2151
2203,3223,2152
2204,3226,2151
2205,3234,2146
2206,3236,2147
2207,3230,2149
2208,3230,2151
2209,3226,2152
2210,3226,2156
2211,3220,2162
2212,3224,2158
2213,3218,2158
2214,3215,2155
2215,3212,2158
2216,3215,2164
2217,3216,2163
2218,3217,2169
2219,3223,2166
2220,3219,2169
2221,3223,2174
2222,3220,2170
2223,3218,2169
2224,3217,2170
2225,3223,2167
2226,3219,2173
2227,3218,2179
2228,3225,2182
2229,3228,2187
2230,3234,2191
2231,3237,2194
2232,3232,2194
2233,3227,2194
2234,3230,2189
2235,3232,2187
2236,3230,2191
2237,3238,2193
2238,3235,2191
2239,3238,2188
2240,3245,2192
2241,3242,2190
2242,3236,2187
2243,3237,2183
2244,3236,2184
2245,3232,2179
2246,3235,2185
2247,3229,2188
2248,3223,2186
2249,3222,2182
2250,3216,2186
2251,3223,2192
2252,3223,2187
2253,3225,2186
2254,3224,2189
2255,3231,2191
2256,3229,2190
2257,3235,2192
2258,3240,2196
2259,3245,2197
2260,3246,2193
2261,3254,2190
2262,3251,2193
2263,3248,2189
2264,3244,2185
2265,3239,2185
2266,3238,2185
2267,3244,2185
2268,3249,2180
2269,3257,2178
2270,3256,2173
2271,3251,2174
2272,3245,2171
2273,3243,2176
2274,3241,2175
2275,3248,2177
2276,3251,2177
2277,3254,2180
2278,3250,2183
2279,3253,2182
2280,3248,2183
2281,3256,2188
2282,3251,2194
2283,3252,2197
2284,3260,2198
2285,3266,2196
2286,3273,2201
2287,3280,2196
2288,3281,2195
2289,3287,2197
2290,3287,2198
2291,3287,2201
2292,3292,2206
2293,3293,2203
2294,3293,2198
2295,3293,2198
2296,3296,2200
2297,3296,2198
2298,3299,2193
2299,3301,2190
2300,3297,2186
2301,3294,2186
2302,3298,2187
2303,3302,2193
2304,3303,2199
2305,3301,2204
2306,3308,2205
2307,3316,2209
2308,3320,2212
2309,3320,2210
2310,3325,2214
2311,3333,2220
2312,3339,2224
2313,3335,2227
2314,3334,2233
2315,3336,2239
2316,3333,2244
2317,3340,2245
2318,3334,2245
2319,3336,2246
2320,3332,2247
2321,3337,2245
2322,3332,2245
2323,3340,2248
2324,3334,2249
2325,3336,2255
2326,3338,2261
2327,3338,2262
2328,3342,2258
2329,3345,2262
2330,3345,2259
2331,3344,2264
2332,3344,2264
2333,3352,2267
2334,3351,2269
2335,3355,2269
2336,3351,2268
2337,3353,2263
2338,3350,2269
2339,3349,2268
2340,3357,2272
2341,3351,2275
2342,3347,2279
2343,3352,2283
2344,3354,2286
2345,3353,2281
2346,3348,2281
2347,3342,2287
2348,3340,2286
2349,3348,2283
2350,3343,2283
2351,3340,2288
2352,3344,2285
2353,3350,2286
2354,3357,2284
2355,3356,2288
2356,3359,2284
2357,3355,2288
2358,3359,2287
2359,3358,2283
2360,3353,2278
2361,3350,2284
2362,3354,2286
2363,3352,2288
2364,3349,2294
2365,3353,2297
2366,3357,2297
2367,3362,2292
2368,3358,2295
2369,3364,2293
2370,3368,2290
2371,3370,2286
2372,3365,2287
2373,3360,2290
2374,3355,2291
2375,3350,2288
2376,3347,2283
2377,3354,2286
2378,3350,2291
2379,3356,2293
2380,3352,2292
2381,3351,2294
2382,3351,2290
2383,3351,2285
2384,3356,2291
2385,3364,2286
2386,3370,2281
2387,3375,2286
2388,3383,2291
2389,3388,2297
2390,3383,2298
2391,3388,2293
2392,3384,2294
2393,3378,2300
2394,3374,2300
2395,3371,2306
2396,3374,2312
2397,3380,2308
2398,3385,2303
2399,3380,2306
2400,3377,2302
2401,3382,2300
2402,3387,2296
2403,3389,2296
2404,3385,2302
2405,3385,2305
2406,3381,2303
2407,3379,2304
2408,3383,2306
2409,3387,2308
2410,3393,2304
2411,3391,2303
2412,3399,2303
2413,3401,2305
2414,3398,2307
2415,3402,2307
2416,3408,2312
2417,3409,2307
2418,3417,2310
2419,3419,2313
2420,3419,2313
2421,3419,2319
2422,3418,2314
2423,3423,2311
2424,3425,2306
2425,3427,2311
2426,3434,2306
2427,3428,2310
2428,3428,2309
2429,3435,2314
2430,3441,2311
2431,3447,2314
2432,3445,2311
2433,3448,2307
2434,3449,2312
2435,3446,2316
2436,3442,2315
2437,3444,2317
2438,3438,2315
2439,3439,2315
2440,3437,2311
2441,3432,2312
2442,3438,2315
2443,3439,2317
2444,3442,2314
2445,3444,2317
2446,3441,2323
2447,3441,2326
2448,3435,2322
2449,3432,2322
2450,3436,2327
2451,3438,2324
2452,3437,2322
2453,3437,2320
2454,3440,2316
2455,3441,2319
2456,3448,2319
2457,3443,2321
2458,3438,2326
2459,3442,2325
2460,3446,2331
2461,3444,2326
2462,3443,2322
2463,3448,2327
2464,3443,2331
2465,3448,2328
2466,3454,2331
2467,3461,2326
2468,3455,2325
2469,3452,2325
2470,3452,2323
2471,3455,2323
2472,3452,2321
2473,3449,2326
2474,3451,2330
2475,3458,2331
2476,3459,2334
2477,3459,2330
2478,3461,2325
2479,3456,2327
2480,3454,2329
2481,3459,2334
2482,3457,2334
2483,3465,2340
2484,3472,2339
2485,3466,2341
2486,3469,2336
2487,3470,2331
2488,3478,2326
2489,3472,2330
2490,3479,2327
2491,3484,2325
2492,3481,2322
2493,3481,2323
2494,3481,2323
2495,3478,2329
2496,3479,2332
2497,3476,2329
2498,3476,2327
2499,3483,2332
2500,3479,2331
2501,3486,2331
2502,3483,2337
2503,3489,2333
2504,3494,2331
2505,3501,2330
2506,3507,2327
2507,3513,2328
2508,3517,2323
2509,3515,2326
2510,3520,2325
2511,3516,2322
2512,3513,2327
2513,3510,2330
2514,3516,2329
2515,3516,2332
2516,3517,2336
2517,3521,2341
2518,3527,2338
2519,3530,2337
2520,3538,2334
2521,3544,2340
2522,3547,2342
2523,3553,2339
2524,3553,2340
2525,3552,2335
2526,3559,2334
2527,3567,2336
2528,3561,2340
2529,3563,2343
2530,3567,2344
2531,3564,2341
2532,3569,2342
2533,3569,2348
2534,3564,2349
2535,3558,2353
2536,3554,2351
2537,3561,2357
2538,3557,2362
2539,3564,2364
2540,3558,2362
2541,3552,2368
2542,3548,2370
2543,3548,2371
2544,3555,2371
2545,3558,2376
2546,3565,2378
2547,3563,2378
2548,3571,2375
2549,3572,2371
2550,3567,2375
2551,3570,2378
2552,3564,2384
2553,3564,2380
2554,3564,2385
2555,3560,2386
2556,3564,2388
2557,3566,2390
2558,3560,2385
2559,3557,2385
2560,3551,2389
2561,3550,2393
2562,3546,2397
2563,3544,2394
2564,3539,2400
2565,3546,2396
2566,3543,2392
2567,3546,2390
2568,3542,2395
2569,3543,2399
2570,3551,2402
2571,3552,2408
2572,3546,2414
2573,3540,2416
2574,3538,2420
2575,3542,2418
2576,3537,2417
2577,3540,2415
2578,3544,2418
2579,3538,2414
2580,3536,2413
2581,3543,2414
2582,3549,2415
2583,3552,2411
2584,3547,2408
2585,3551,2406
2586,3559,2402
2587,3557,2407
2588,3565,2413
2589,3563,2413
2590,3567,2412
2591,3561,2414
2592,3564,2416
2593,3569,2421
2594,3566,2421
2595,3568,2417
2596,3562,2418
2597,3566,2424
2598,3567,2423
2599,3562,2424
2600,3557,2425
2601,3559,2425
2602,3555,2428
2603,3562,2427
2604,3565,2427
2605,3567,2427
2606,3566,2427
2607,3564,2426
2608,3559,2425
2609,3555,2431
2610,3562,2434
2611,3566,2434
2612,3567,2437
2613,3561,2442
2614,3568,2446
2615,3562,2447
2616,3560,2449
2617,3563,2449
2618,3562,2455
2619,3568,2456
2620,3570,2461
2621,3574,2462
2622,3579,2460
2623,3575,2464
2624,3583,2462
2625,3581,2467
2626,3588,2467
2627,3583,2467
2628,3577,2469
2629,3585,2475
2630,3592,2471
2631,3596,2469
2632,3599,2471
2633,3607,2470
2634,3603,2471
2635,3604,2473
2636,3606,2473
2637,3612,2475
2638,3608,2470
2639,3606,2476
2640,3606,2473
2641,3613,2468
2642,3619,2474
2643,3617,2470
2644,3619,2465
2645,3615,2462
2646,3620,2459
2647,3618,2463
2648,3619,2464
2649,3626,2463
2650,3622,2465
2651,3616,2464
2652,3622,2464
2653,3621,2469
2654,3625,2468
2655,3629,2474
2656,3632,2472
2657,3636,2477
2658,3641,2480
2659,3639,2482
2660,3646,2481
2661,3650,2476
2662,3650,2479
2663,3649,2482
2664,3650,2485
2665,3653,2485
2666,3652,2488
2667,3652,2484
2668,3658,2479
2669,3659,2483
2670,3667,2487
2671,3663,2487
2672,3668,2485
2673,3664,2481
2674,3667,2480
2675,3662,2478
2676,3663,2481
2677,3666,2484
2678,3673,2481
2679,3678,2483
2680,3673,2481
2681,3677,2480
2682,3679,2477
2683,3683,2481
2684,3679,2480
2685,3675,2475
2686,3675,2472
2687,3674,2470
2688,3673,2476
2689,3670,2474
2690,3673,2472
2691,3668,2475
2692,3663,2474
2693,3669,2478
2694,3664,2476
2695,3669,2479
2696,3664,2477
2697,3670,2478
2698,3671,2484
2699,3665,2485
2700,3669,2487
2701,3670,2487
2702,3674,2485
2703,3680,2481
2704,3679,2476
2705,3684,2481
2706,3691,2485
2707,3699,2488
2708,3694,2492
2709,3696,2491
2710,3693,2496
2711,3693,2500
2712,3690,2501
2713,3696,2499
2714,3690,2505
2715,3690,2502
2716,3686,2501
2717,3685,2499
2718,3690,2501
2719,3684,2496
2720,3684,2498
2721,3679,2495
2722,3677,2491
2723,3683,2492
2724,3682,2496
2725,3677,2491
2726,3682,2494
2727,3684,2495
2728,3679,2501
2729,3686,2497
2730,3694,2498
2731,3701,2504
2732,3704,2509
2733,3712,2505
2734,3715,2505
2735,3723,2503
2736,3722,2503
2737,3719,2505
2738,3714,2500
2739,3716,2504
2740,3717,2500
2741,3724,2503
2742,3722,2502
2743,3725,2504
2744,3731,2510
2745,3737,2508
2746,3745,2511
2747,3744,2512
2748,3742,2510
2749,3744,2512
2750,3743,2513
2751,3751,2508
2752,3758,2508
2753,3766,2513
2754,3770,2512
2755,3765,2507
2756,3765,2512
2757,3767,2515
2758,3764,2513
2759,3770,2511
2760,3766,2512
2761,3766,2512
2762,3760,2516
2763,3764,2514
2764,3763,2511
2765,3760,2509
2766,3755,2512
2767,3756,2516
2768,3761,2513
2769,3761,2519
2770,3761,2519
2771,3761,2521
2772,3767,2518
2773,3766,2523
2774,3772,2523
2775,3771,2521
2776,3778,2518
2777,3780,2519
2778,3786,2519
2779,3789,2524
2780,3797,2524
2781,3803,2523
2782,3801,2525
2783,3809,2529
2784,3815,2526
2785,3818,2523
2786,3814,2520
2787,3813,2521
2788,3811,2527
2789,3805,2532
2790,3799,2528
2791,3804,2523
2792,3812,2519
2793,3813,2525
2794,3819,2524
2795,3816,2528
2796,3814,2531
2797,3819,2535
2798,3823,2540
2799,3824,2541
2800,3819,2539
2801,3816,2539
2802,3817,2544
2803,3824,2540
2804,3823,2536
2805,3824,2540
2806,3826,2540
2807,3828,2541
2808,3822,2544
2809,3822,2546
2810,3820,2549
2811,3828,2551
2812,3826,2554
2813,3833,2557
2814,3835,2560
2815,3833,2566
2816,3827,2561
2817,3828,2563
2818,3835,2567
2819,3830,2570
2820,3829,2567
2821,3835,2568
2822,3832,2564
2823,3835,2563
2824,3840,2566
2825,3842,2567
2826,3843,2564
2827,3841,2567
2828,3844,2572
2829,3849,2577
2830,3847,2581
2831,3845,2577
2832,3840,2577
2833,3835,2573
2834,3839,2570
2835,3836,2566
2836,3832,2562
2837,3830,2559
2838,3838,2556
2839,3833,2561
2840,3839,2557
2841,3836,2560
2842,3835,2557
2843,3842,2560
2844,3838,2564
2845,3841,2569
2846,3845,2575
2847,3851,2581
2848,3859,2585
2849,3866,2587
2850,3868,2584
2851,3870,2579
2852,3868,2581
2853,3871,2584
2854,3878,2579
2855,3883,2584
2856,3886,2587
2857,3887,2593
2858,3887,2595
2859,3885,2599
2860,3884,2605
2861,3880,2603
2862,3879,2601
2863,3883,2605
2864,3889,2607
2865,3897,2604
2866,3897,2605
2867,3901,2602
2868,3908,2606
2869,3914,2601
2870,3909,2597
2871,3912,2598
2872,3907,2600
2873,3905,2604
2874,3903,2600
2875,3898,2595
2876,3892,2601
2877,3894,2599
2878,3897,2596
2879,3893,2600
2880,3889,2597
2881,3892,2592
2882,3895,2596
2883,3900,2593
2884,3898,2589
2885,3892,2589
2886,3896,2594
2887,3897,2600
2888,3891,2604
2889,3894,2608
2890,3892,2614
2891,3898,2620
2892,3900,2621
2893,3906,2623
2894,3911,2622
2895,3911,2620
2896,3910,2617
2897,3913,2621
2898,3919,2619
2899,3926,2615
2900,3931,2618
2901,3925,2613
2902,3931,2611
2903,3929,2611
2904,3933,2613
2905,3928,2612
2906,3923,2609
2907,3918,2608
2908,3917,2603
2909,3919,2604
2910,3916,2602
2911,3918,2600
2912,3918,2605
2913,3921,2611
2914,3928,2613
2915,3930,2618
2916,3934,2616
2917,3936,2612
2918,3937,2607
2919,3942,2607
2920,3937,2611
2921,3931,2607
2922,3939,2608
2923,3939,2613
2924,3934,2610
2925,3930,2615
2926,3936,2611
2927,3935,2612
2928,3943,2618
2929,3949,2616
2930,3950,2615
2931,3957,2613
2932,3957,2616
2933,3952,2618
2934,3955,2613
2935,3956,2613
2936,3957,2613
2937,3958,2608
2938,3962,2609
2939,3970,2604
2940,3967,2610
2941,3967,2615
2942,3974,2614
2943,3971,2611
2944,3978,2612
2945,3985,2609
2946,3981,2611
2947,3986,2608
2948,3984,2609
2949,3992,2609
2950,3992,2605
2951,3994,2607
2952,3994,2608
2953,3994,2613
2954,3994,2610
2955,3998,2606
2956,3992,2609
2957,3993,2615
2958,3997,2621
2959,3995,2624
2960,3994,2620
2961,4002,2626
2962,3996,2631
2963,4004,2634
2964,4012,2629
2965,4010,2630
2966,4007,2633
2967,4001,2634
2968,3999,2634
2969,3996,2633
2970,4003,2638
2971,4006,2644
2972,4011,2648
2973,4018,2646
2974,4014,2645
2975,4021,2647
2976,4017,2646
2977,4022,2641
2978,4019,2645
2979,4018,2650
2980,4022,2646
2981,4028,2643
2982,4031,2640
2983,4030,2635
2984,4032,2641
2985,4026,2646
2986,4023,2647
2987,4029,2653
2988,4025,2650
2989,4033,2652
2990,4037,2651
2991,4032,2655
2992,4032,2650
2993,4036,2645
2994,4041,2645
2995,4047,2645
2996,4050,2644
2997,4057,2648
2998,4058,2652
2999,4064,2650
3000,4068,2652
3001,4064,2652
3002,4069,2658
3003,4065,2659
3004,4059,2659
3005,4062,2660
3006,4068,2658
3007,4069,2656
3008,4069,2660
3009,4073,2656
3010,4073,2657
3011,4074,2656
3012,4074,2657
3013,4077,2662
3014,4080,2657
3015,4077,2656
3016,4071,2653
3017,4067,2657
3018,4065,2654
3019,4061,2652
3020,4060,2658
3021,4066,2656
3022,4060,2658
3023,4062,2659
3024,4069,2663
3025,4065,2662
3026,4066,2663
3027,4065,2664
3028,4064,2662
3029,4067,2663
3030,4072,2669
3031,4071,2674
3032,4066,2670
3033,4070,2676
3034,4072,2680
3035,4077,2675
3036,4083,2676
3037,4080,2672
3038,4074,2673
3039,4077,2672
3040,4084,2678
3041,4080,2677
3042,4079,2678
3043,4087,2675
3044,4089,2678
3045,4091,2673
3046,4095,2669
3047,4096,2669
3048,4092,2668
3049,4091,2666
3050,4093,2662
3051,4089,2664
3052,4097,2666
3053,4105,2672
3054,4103,2676
3055,4107,2680
3056,4113,2686
3057,4115,2691
3058,4122,2691
3059,4119,2696
3060,4120,2698
3061,4127,2701
3062,4128,2701
3063,4135,2702
3064,4139,2702
3065,4144,2701
3066,4145,2698
3067,4141,2695
3068,4145,2694
3069,4144,2691
3070,4149,2696
3071,4153,2692
3072,4161,2694
3073,4169,2692
3074,4170,2692
3075,4174,2694
3076,4170,2700
3077,4177,2695
3078,4182,2698
3079,4180,2696
3080,4176,2698
3081,4172,2697
3082,4174,2694
3083,4180,2689
3084,4174,2694
3085,4174,2695
3086,4175,2700
3087,4181,2706
3088,4182,2708
3089,4186,2707
3090,4186,2702
3091,4188,2700
3092,4188,2706
3093,4191,2705
3094,4191,2708
3095,4194,2706
3096,4199,2711
3097,4194,2712
3098,4188,2718
3099,4185,2715
3100,4191,2714
3101,4187,2715
3102,4184,2712
3103,4179,2712
3104,4183,2716
3105,4191,2714
3106,4192,2710
3107,4186,2705
3108,4182,2706
3109,4180,2712
3110,4183,2717
3111,4183,2713
3112,4179,2719
3113,4173,2720
3114,4172,2721
3115,4173,2721
3116,4172,2716
3117,4166,2722
3118,4166,2723
3119,4170,2721
3120,4170,2723
3121,4166,2719
3122,4164,2721
3123,4163,2724
3124,4171,2720
3125,4175,2715
3126,4173,2717
3127,4167,2712
3128,4171,2710
3129,4168,2709
3130,4167,2711
3131,4170,2710
3132,4167,2716
3133,4169,2717
3134,4174,2714
3135,4181,2709
3136,4188,2707
3137,4193,2707
3138,4201,2706
3139,4205,2712
3140,4199,2714
3141,4204,2716
3142,4199,2719
3143,4207,2720
3144,4210,2717
3145,4216,2722
3146,4215,2720
3147,4210,2725
3148,4214,2720
3149,4222,2722
3150,4225,2723
3151,4225,2725
3152,4222,2723
3153,4222,2719
3154,4227,2720
3155,4229,2722
3156,4233,2718
3157,4237,2718
3158,4240,2720
3159,4235,2715
3160,4240,2720
3161,4239,2720
3162,4234,2717
3163,4228,2722
3164,4229,2728
3165,4237,2733
3166,4241,2728
3167,4235,2727
3168,4237,2733
3169,4235,2735
3170,4234,2736
3171,4242,2738
3172,4239,2743
3173,4236,2740
3174,4240,2744
3175,4238,2747
3176,4245,2742
3177,4245,2737
3178,4249,2741
3179,4254,2739
3180,4249,2736
3181,4255,2731
3182,4254,2730
3183,4257,2730
3184,4257,2736
3185,4255,2741
3186,4256,2737
3187,4256,2739
3188,4250,2741
3189,4249,2740
3190,4246,2741
3191,4252,2737
3192,4252,2740
3193,4259,2744
3194,4264,2745
3195,4270,2747
3196,4278,2753
3197,4281,2757
3198,4288,2760
3199,4283,2760
3200,4290,2766
3201,4285,2770
3202,4289,2770
3203,4293,2766
3204,4297,2771
3205,4297,2774
3206,4302,2776
3207,4299,2774
3208,4307,2776
3209,4308,2777
3210,4304,2778
3211,4311,2781
3212,4308,2778
3213,4305,2779
3214,4308,2785
3215,4307,2787
3216,4305,2786
3217,4310,2782
3218,4306,2777
3219,4313,2773
3220,4315,2779
3221,4316,2780
3222,4310,2780
3223,4312,2777
3224,4306,2775
3225,4305,2771
3226,4302,2767
3227,4310,2764
3228,4306,2769
3229,4301,2767
3230,4300,2769
3231,4295,2767
3232,4299,2772
3233,4305,2778
3234,4313,2777
3235,4315,2780
3236,4315,2785
3237,4311,2787
3238,4308,2789
3239,4304,2786
3240,4308,2789
3241,4304,2786
3242,4304,2781
3243,4302,2777
3244,4306,2773
3245,4312,2776
3246,4316,2781
3247,4313,2786
3248,4313,2786
3249,4307,2782
3250,4303,2783
3251,4307,2783
3252,4311,2787
3253,4306,2789
3254,4309,2787
3255,4312,2789
3256,4320,2786
3257,4324,2792
3258,4331,2795
3259,4330,2791
3260,4327,2790
3261,4329,2790
3262,4332,2790
3263,4340,2796
3264,4342,2796
3265,4338,2798
3266,4342,2802
3267,4337,2797
3268,4338,2798
3269,4345,2798
3270,4340,2797
3271,4334,2796
3272,4329,2798
3273,4329,2798
3274,4326,2802
3275,4331,2800
3276,4332,2796
3277,4329,2795
3278,4337,2791
3279,4332,2791
3280,4333,2789
3281,4332,2786
3282,4337,2783
3283,4331,2780
3284,4336,2782
3285,4337,2784
3286,4344,2784
3287,4343,2781
3288,4350,2777
3289,4345,2780
3290,4343,2784
3291,4348,2779
3292,4343,2785
3293,4349,2781
3294,4350,2782
3295,4352,2785
3296,4356,2788
3297,4358,2786
3298,4361,2786
3299,4359,2789
3300,4364,2786
3301,4364,2785
3302,4358,2785
3303,4355,2791
3304,4349,2797
3305,4353,2801
3306,4357,2803
3307,4364,2799
3308,4368,2796
3309,4373,2794
3310,4375,2795
3311,4379,2798
3312,4373,2794
3313,4367,2792
3314,4364,2797
3315,4367,2792
3316,4362,2794
3317,4368,2799
3318,4364,2801
3319,4367,2803
3320,4370,2809
3321,4375,2806
3322,4374,2805
3323,4369,2803
3324,4373,2809
3325,4373,2815
3326,4377,2813
3327,4384,2810
3328,4383,2811
3329,4382,2815
3330,4387,2820
3331,4394,2815
3332,4393,2819
3333,4401,2814
3334,4402,2819
3335,4407,2825
3336,4401,2821
3337,4399,2819
3338,4400,2823
3339,4398,2819
3340,4398,2817
3341,4396,2815
3342,4394,2817
3343,4402,2823
3344,4403,2823
3345,4401,2824
3346,4395,2822
3347,4390,2825
3348,4387,2821
3349,4389,2817
3350,4391,2818
3351,4390,2813
3352,4390,2809
3353,4388,2808
3354,4385,2809
3355,4386,2813
3356,4390,2815
3357,4396,2816
3358,4396,2822
3359,4401,2828
3360,4409,2833
3361,4404,2834
3362,4412,2831
3363,4416,2826
3364,4412,2824
3365,4413,2824
3366,4408,2825
3367,4408,2831
3368,4412,2837
3369,4413,2832
3370,4418,2837
3371,4426,2836
3372,4420,2831
3373,4427,2827
3374,4435,2822
3375,4442,2822
3376,4442,2825
3377,4443,2823
3378,4449,2825
3379,4445,2829
3380,4445,2829
3381,4451,2827
3382,4458,2825
3383,4466,2820
3384,4470,2821
3385,4471,2821
3386,4470,2822
3387,4470,2818
3388,4472,2824
3389,4470,2825
3390,4476,2831
3391,4480,2826
3392,4481,2830
3393,4483,2831
3394,4482,2834
3395,4485,2839
3396,4481,2842
3397,4483,2841
3398,4488,2840
3399,4492,2841
3400,4487,2842
3401,4488,2844
3402,4484,2847
3403,4481,2851
3404,4486,2851
3405,4485,2846
3406,4482,2843
3407,4482,2844
3408,4488,2840
3409,4491,2838
3410,4496,2837
3411,4500,2837
3412,4507,2843
3413,4505,2849
3414,4500,2855
3415,4506,2855
3416,4500,2854
3417,4497,2852
3418,4500,2851
3419,4499,2854
3420,4502,2857
3421,4504,2863
3422,4505,2869
3423,4501,2874
3424,4503,2873
3425,4502,2872
3426,4501,2867
3427,4499,2872
3428,4506,2869
3429,4503,2869
3430,4506,2867
3431,4511,2864
3432,4510,2867
3433,4504,2866
3434,4498,2866
3435,4494,2872
3436,4501,2873
3437,4500,2873
3438,4506,2875
3439,4502,2873
3440,4507,2879
3441,4501,2882
3442,4501,2879
3443,4496,2878
3444,4502,2877
3445,4509,2872
3446,4512,2871
3447,4514,2875
3448,4519,2876
3449,4526,2881
3450,4534,2885
3451,4533,2884
3452,4527,2889
3453,4531,2887
3454,4539,2882
3455,4543,2881
3456,4542,2880
3457,4539,2876
3458,4536,2872
3459,4540,2869
3460,4542,2874
3461,4540,2873
3462,4542,2876
3463,4541,2882
3464,4537,2881
3465,4541,2885
3466,4544,2882
3467,4543,2886
3468,4545,2888
3469,4551,2893
3470,4550,2888
3471,4555,2889
3472,4556,2892
3473,4557,2892
3474,4560,2898
3475,4558,2895
3476,4557,2901
3477,4555,2903
3478,4559,2901
3479,4567,2896
3480,4575,2896
3481,4578,2894
3482,4580,2900
3483,4575,2902
3484,4571,2897
3485,4576,2892
3486,4574,2898
3487,4570,2893
3488,4575,2889
3489,4579,2885
3490,4582,2880
3491,4585,2885
3492,4590,2890
3493,4589,2889
3494,4589,2891
3495,4587,2892
3496,4588,2891
3497,4594,2892
3498,4596,2887
3499,4594,2887
3500,4596,2882
3501,4603,2878
3502,4608,2883
3503,4615,2881
3504,4614,2881
3505,4622,2881
3506,4628,2883
3507,4628,2886
3508,4624,2884
3509,4625,2881
3510,4632,2883
3511,4627,2884
3512,4627,2879
3513,4631,2882
3514,4628,2885
3515,4625,2882
3516,4629,2877
3517,4631,2878
3518,4629,2879
3519,4633,2877
3520,4634,2881
3521,4637,2884
3522,4642,2889
3523,4646,2891
3524,4648,2896
3525,4644,2894
3526,4650,2897
3527,4651,2903
3528,4654,2898
3529,4653,2894
3530,4651,2899
3531,4654,2899
3532,4651,2901
3533,4652,2907
3534,4649,2911
3535,4647,2916
3536,4647,2911
3537,4645,2909
3538,4644,2911
3539,4652,2915
3540,4647,2912
3541,4654,2914
3542,4650,2911
3543,4648,2907
3544,4642,2908
3545,4636,2909
3546,4639,2908
3547,4641,2908
3548,4635,2911
3549,4632,2914
3550,4627,2911
3551,4635,2914
3552,4630,2918
3553,4630,2916
3554,4624,2912
3555,4618,2910
3556,4614,2914
3557,4609,2911
3558,4609,2907
3559,4607,2912
3560,4607,2909
3561,4611,2911
3562,4607,2908
3563,4610,2910
3564,4617,2909
3565,4619,2912
3566,4616,2910
3567,4618,2906
3568,4622,2901
3569,4628,2896
3570,4625,2894
3571,4628,2900
3572,4631,2901
3573,4636,2899
3574,4641,2899
3575,4638,2904
3576,4637,2910
3577,4637,2912
3578,4638,2911
3579,4635,2915
3580,4629,2912
3581,4630,2911
3582,4637,2909
3583,4637,2915
3584,4640,2912
3585,4640,2918
3586,4642,2917
3587,4640,2913
3588,4634,2917
3589,4636,2922
3590,4638,2920
3591,4643,2918
3592,4639,2918
3593,4635,2922
3594,4629,2919
3595,4631,2915
3596,4628,2910
3597,4624,2908
3598,4625,2908
3599,4632,2908
3600,4636,2906
3601,4639,2905
3602,4641,2911
3603,4648,2916
3604,4656,2915
3605,4650,2919
3606,4658,2917
3607,4654,2920
3608,4651,2926
3609,4651,2931
3610,4648,2933
3611,4647,2932
3612,4648,2937
3613,4656,2940
3614,4655,2938
3615,4652,2936
3616,4652,2931
3617,4648,2933
3618,4649,2937
3619,4645,2936
3620,4639,2933
3621,4639,2930
3622,4647,2935
3623,4652,2938
3624,4656,2942
3625,4656,2943
3626,4664,2947
3627,4662,2951
3628,4669,2957
3629,4673,2963
3630,4671,2966
3631,4672,2965
3632,4666,2966
3633,4674,2963
3634,4676,2965
3635,4674,2971
3636,4669,2971
3637,4671,2970
3638,4675,2971
3639,4680,2972
3640,4679,2975
3641,4678,2976
3642,4675,2975
3643,4675,2971
3644,4673,2974
3645,4669,2973
3646,4671,2972
3647,4667,2974
3648,4662,2970
3649,4664,2970
3650,4670,2968
3651,4671,2967
3652,4675,2962
3653,4674,2960
3654,4680,2960
3655,4679,2965
3656,4680,2963
3657,4684,2966
3658,4682,2963
3659,4676,2966
3660,4682,2964
3661,4683,2959
3662,4684,2960
3663,4685,2958
3664,4684,2964
3665,4686,2959
3666,4688,2962
3667,4692,2963
3668,4688,2966
3669,4690,2970
3670,4685,2969
3671,4681,2970
3672,4677,2971
3673,4682,2968
3674,4686,2974
3675,4688,2980
3676,4696,2976
3677,4694,2971
3678,4693,2976
3679,4694,2978
3680,4695,2974
3681,4703,2980
3682,4701,2979
3683,4702,2985
3684,4701,2980
3685,4702,2981
3686,4704,2987
3687,4711,2993
3688,4706,2989
3689,4704,2986
3690,4707,2988
3691,4707,2989
3692,4704,2992
3693,4708,2995
3694,4705,2991
3695,4702,2994
3696,4702,3000
3697,4709,3006
3698,4712,3005
3699,4713,3003
3700,4712,2998
3701,4710,3000
3702,4709,3002
3703,4709,3000
3704,4711,3005
3705,4708,3005
3706,4716,3004
3707,4711,3001
3708,4709,3002
3709,4709,3003
3710,4710,3009
3711,4712,3007
3712,4720,3002
3713,4719,2999
3714,4718,3003
3715,4712,3007
3716,4714,3009
3717,4720,3007
3718,4725,3006
3719,4724,3011
3720,4720,3011
3721,4727,3011
3722,4723,3010
3723,4718,3016
3724,4718,3015
3725,4716,3011
3726,4718,3006
3727,4723,3006
3728,4726,3001
3729,4721,3003
3730,4726,3008
3731,4727,3005
3732,4721,3003
3733,4726,2999
3734,4725,2998
3735,4722,3000
3736,4724,2999
3737,4723,2998
3738,4731,3003
3739,4727,3003
3740,4725,3000
3741,4733,3006
3742,4735,3010
3743,4734,3007
3744,4734,3008
3745,4736,3014
3746,4741,3012
3747,4735,3011
3748,4740,3013
3749,4738,3013
3750,4746,3012
3751,4754,3011
3752,4749,3007
3753,4747,3002
3754,4753,3008
3755,4759,3013
3756,4754,3016
3757,4757,3015
3758,4754,3015
3759,4760,3013
3760,4765,3016
3761,4759,3020
3762,4757,3018
3763,4764,3021
3764,4765,3016
3765,4764,3017
3766,4764,3020
3767,4760,3017
3768,4754,3014
3769,4751,3013
3770,4745,3016
3771,4746,3013
3772,4746,3017
3773,4745,3020
3774,4742,3026
3775,4739,3023
3776,4746,3019
3777,4751,3018
3778,4752,3019
3779,4747,3022
3780,4747,3028
3781,4753,3023
3782,4748,3027
3783,4742,3026
3784,4741,3024
3785,4738,3027
3786,4739,3026
3787,4740,3026
3788,4741,3025
3789,4749,3028
3790,4749,3031
3791,4745,3029
3792,4751,3027
3793,4756,3023
3794,4754,3018
3795,4758,3013
3796,4754,3014
3797,4753,3018
3798,4758,3021
3799,4754,3025
3800,4752,3030
3801,4750,3036
3802,4758,3037
3803,4766,3032
3804,4774,3037
3805,4773,3032
3806,4781,3029
3807,4785,3033
3808,4779,3039
3809,4774,3041
3810,4775,3041
3811,4775,3043
3812,4773,3047
3813,4773,3050
3814,4776,3052
3815,4781,3051
3816,4779,3054
3817,4781,3049
3818,4781,3053
3819,4784,3057
3820,4785,3057
3821,4784,3054
3822,4791,3053
3823,4789,3057
3824,4792,3060
3825,4798,3063
3826,4802,3067
3827,4800,3066
3828,4807,3061
3829,4810,3062
3830,4811,3057
3831,4806,3061
3832,4809,3061
3833,4817,3066
3834,4815,3069
3835,4815,3066
3836,4814,3069
3837,4809,3069
3838,4814,3069
3839,4812,3070
3840,4818,3071
3841,4822,3073
3842,4822,3071
3843,4829,3067
3844,4831,3068
3845,4825,3069
3846,4819,3066
3847,4821,3065
3848,4823,3064
3849,4817,3060
3850,4815,3055
3851,4819,3059
3852,4827,3058
3853,4829,3058
3854,4833,3053
3855,4840,3058
3856,4843,3061
3857,4837,3066
3858,4841,3072
3859,4836,3074
3860,4835,3073
3861,4837,3079
3862,4837,3083
3863,4836,3089
3864,4841,3087
3865,4842,3087
3866,4840,3087
3867,4840,3093
3868,4845,3088
3869,4847,3088
3870,4848,3094
3871,4847,3099
3872,4854,3104
3873,4851,3101
3874,4846,3097
3875,4845,3102
3876,4847,3104
3877,4851,3104
3878,4858,3101
3879,4856,3099
3880,4858,3102
3881,4861,3106
3882,4859,3108
3883,4862,3103
3884,4856,3099
3885,4858,3101
3886,4863,3100
3887,4871,3101
3888,4877,3105
3889,4883,3100
3890,4888,3102
3891,4894,3102
3892,4896,3102
3893,4892,3104
3894,4900,3103
3895,4897,3100
3896,4891,3105
3897,4888,3104
3898,4889,3102
3899,4896,3103
3900,4904,3105
3901,4909,3107
3902,4914,3113
3903,4922,3112
3904,4928,3114
3905,4926,3110
3906,4931,3115
3907,4926,3114
3908,4933,3119
3909,4927,3114
3910,4929,3111
3911,4933,3111
3912,4935,3110
3913,4940,3109
3914,4935,3106
3915,4935,3107
3916,4941,3103
3917,4937,3104
3918,4935,3101
3919,4943,3104
3920,4939,3099
3921,4939,3105
3922,4933,3110
3923,4932,3107
3924,4939,3107
3925,4942,3109
3926,4941,3112
3927,4943,3109
3928,4950,3115
3929,4944,3120
3930,4943,3119
3931,4938,3114
3932,4943,3116
3933,4947,3116
3934,4946,3113
3935,4940,3108
3936,4944,3110
3937,4941,3113
3938,4935,3117
3939,4941,3117
3940,4944,3114
3941,4951,3111
3942,4956,3114
3943,4952,3109
3944,4959,3107
3945,4962,3102
3946,4959,3099
3947,4953,3101
3948,4951,3097
3949,4947,3093
3950,4943,3089
3951,4942,3088
3952,4939,3090
3953,4936,3093
3954,4930,3096
3955,4934,3094
3956,4935,3092
3957,4929,3093
3958,4934,3094
3959,4936,3098
3960,4942,3097
3961,4945,3094
3962,4953,3089
3963,4957,3090
3964,4958,3085
3965,4954,3090
3966,4950,3086
3967,4956,3088
3968,4963,3093
3969,4964,3098
3970,4963,3099
3971,4963,3099
3972,4961,3096
3973,4958,3094
3974,4964,3096
3975,4967,3091
3976,4969,3090
3977,4969,3087
3978,4964,3089
3979,4964,3084
3980,4960,3080
3981,4963,3079
3982,4970,3085
3983,4968,3084
3984,4972,3089
3985,4975,3084
3986,4979,3084
3987,4983,3080
3988,4984,3076
3989,4990,3080
3990,4987,3081
3991,4990,3081
3992,4995,3079
3993,5000,3079
3994,5002,3082
3995,5010,3081
3996,5017,3080
3997,5024,3077
3998,5032,3072
3999,5028,3074
4000,5030,3074
4001,5027,3071
4002,5034,3077
4003,5040,3075
4004,5047,3074
4005,5049,3078
4006,5054,3080
4007,5051,3078
4008,5045,3077
4009,5046,3079
4010,5040,3076
4011,5038,3078
4012,5038,3081
4013,5035,3085
4014,5041,3082
4015,5049,3088
4016,5054,3092
4017,5054,3092
4018,5051,3093
4019,5057,3094
4020,5058,3089
4021,5058,3089
4022,5065,3086
4023,5064,3087
4024,5058,3083
4025,5054,3088
4026,5061,3094
4027,5069,3089
4028,5075,3089
4029,5069,3092
4030,5066,3088
4031,5073,3086
4032,5081,3087
4033,5081,3086
4034,5076,3086
4035,5075,3090
4036,5077,3096
4037,5079,3101
4038,5076,3101
4039,5073,3101
4040,5068,3100
4041,5068,3103
4042,5067,3107
4043,5066,3108
4044,5060,3109
4045,5066,3114
4046,5071,3109
4047,5074,3105
4048,5068,3105
4049,5071,3108
4050,5073,3105
4051,5072,3109
4052,5071,3108
4053,5079,3108
4054,5082,3110
4055,5084,3106
4056,5079,3106
4057,5074,3106
4058,5080,3101
4059,5074,3100
4060,5072,3098
4061,5067,3102
4062,5067,3106
4063,5070,3103
4064,5071,3103
4065,5071,3108
4066,5072,3105
4067,5073,3111
4068,5080,3115
4069,5083,3117
4070,5086,3122
4071,5083,3118
4072,5078,3118
4073,5082,3119
4074,5087,3120
4075,5087,3118
4076,5085,3116
4077,5083,3114
4078,5088,3112
4079,5085,3109
4080,5080,3110
4081,5076,3109
4082,5071,3113
4083,5067,3115
4084,5062,3120
4085,5058,3123
4086,5056,3120
4087,5061,3125
4088,5058,3128
4089,5056,3125
4090,5059,3131
4091,5064,3128
4092,5070,3126
4093,5064,3132
4094,5066,3134
4095,5061,3137
4096,5056,3136
4097,5055,3142
4098,5053,3137
4099,5054,3134
4100,5050,3135
4101,5052,3137
4102,5050,3132
4103,5058,3136
4104,5058,3133
4105,5065,3137
4106,5064,3136
4107,5068,3138
4108,5069,3142
4109,5066,3148
4110,5064,3145
4111,5072,3142
4112,5075,3142
4113,5083,3139
4114,5083,3143
4115,5088,3143
4116,5094,3144
4117,5095,3150
4118,5095,3150
4119,5090,3149
4120,5088,3148
4121,5088,3154
4122,5087,3156
4123,5090,3152
4124,5087,3149
4125,5088,3147
4126,5087,3150
4127,5095,3151
4128,5095,3155
4129,5089,3152
4130,5089,3148
4131,5087,3147
4132,5095,3150
4133,5091,3155
4134,5093,3151
4135,5101,3151
4136,5103,3150
4137,5102,3148
4138,5107,3147
4139,5108,3145
4140,5102,3149
4141,5102,3149
4142,5101,3153
4143,5099,3149
4144,5107,3155
4145,5113,3158
4146,5111,3160
4147,5116,3157
4148,5117,3155
4149,5122,3157
4150,5122,3154
4151,5124,3149
4152,5121,3151
4153,5120,3154
4154,5124,3157
4155,5125,3159
4156,5127,3156
4157,5127,3160
4158,5125,3161
4159,5126,3161
4160,5132,3164
4161,5138,3169
4162,5143,3164
4163,5142,3170
4164,5142,3165
4165,5138,3164
4166,5139,3161
4167,5141,3163
4168,5147,3161
4169,5151,3159
4170,5155,3156
4171,5157,3154
4172,5151,3153
4173,5145,3154
4174,5143,3153
4175,5151,3156
4176,5154,3160
4177,5153,3161
4178,5152,3161
4179,5160,3163
4180,5156,3161
4181,5162,3158
4182,5156,3158
4183,5164,3159
4184,5161,3163
4185,5165,3160
4186,5161,3165
4187,5164,3164
4188,5168,3161
4189,5165,3167
4190,5172,3169
4191,5173,3169
4192,5179,3171
4193,5175,3175
4194,5175,3178
4195,5169,3174
4196,5164,3173
4197,5165,3173
4198,5173,3176
4199,5175,3178
4200,5175,3183
4201,5182,3179
4202,5180,3181
4203,5176,3185
4204,5171,3186
4205,5179,3186
4206,5187,3191
4207,5186,3191
4208,5194,3195
4209,5188,3196
4210,5188,3202
4211,5182,3198
4212,5186,3200
4213,5191,3206
4214,5196,3210
4215,5190,3213
4216,5197,3217
4217,5192,3220
4218,5192,3221
4219,5196,3225
4220,5198,3226
4221,5199,3227
4222,5197,3230
4223,5202,3227
4224,5205,3232
4225,5211,3238
4226,5219,3242
4227,5223,3243
4228,5229,3239
4229,5232,3237
4230,5236,3236
4231,5244,3240
4232,5245,3243
4233,5245,3241
4234,5242,3236
4235,5250,3233
4236,5255,3239
4237,5254,3235
4238,5259,3234
4239,5258,3235
4240,5253,3232
4241,5250,3231
4242,5257,3231
4243,5260,3233
4244,5258,3232
4245,5257,3227
4246,5264,3222
4247,5265,3226
4248,5261,3231
4249,5256,3237
4250,5260,3241
4251,5260,3236
4252,5264,3232
4253,5265,3235
4254,5261,3238
4255,5257,3244
4256,5252,3248
4257,5258,3254
4258,5261,3251
4259,5264,3254
4260,5264,3254
4261,5265,3256
4262,5262,3254
4263,5263,3250
4264,5271,3254
4265,5267,3260
4266,5270,3263
4267,5265,3259
4268,5272,3261
4269,5269,3261
4270,5263,3261
4271,5264,3261
4272,5264,3259
4273,5272,3263
4274,5275,3265
4275,5282,3265
4276,5281,3260
4277,5277,3262
4278,5284,3261
4279,5288,3263
4280,5290,3261
4281,5289,3265
4282,5293,3266
4283,5295,3264
4284,5295,3266
4285,5303,3264
4286,5297,3268
4287,5300,3272
4288,5294,3275
4289,5297,3280
4290,5295,3284
4291,5297,3288
4292,5296,3284
4293,5293,3288
4294,5289,3283
4295,5285,3283
4296,5286,3285
4297,5282,3289
4298,5280,3291
4299,5280,3290
4300,5276,3287
4301,5283,3282
4302,5278,3285
4303,5285,3285
4304,5286,3291
4305,5286,3296
4306,5284,3299
4307,5278,3294
4308,5279,3295
4309,5281,3291
4310,5286,3288
4311,5293,3293
4312,5289,3291
4313,5290,3291
4314,5296,3288
4315,5295,3292
4316,5302,3298
4317,5303,3293
4318,5311,3297
4319,5312,3301
4320,5319,3306
4321,5324,3311
4322,5323,3308
4323,5323,3311
4324,5327,3308
4325,5330,3309
4326,5324,3310
4327,5319,3315
4328,5314,3317
4329,5309,3319
4330,5309,3316
4331,5312,3320
4332,5319,3316
4333,5323,3322
4334,5331,3326
4335,5330,3328
4336,5324,3331
4337,5323,3328
4338,5320,3328
4339,5323,3334
4340,5320,3329
4341,5326,3333
4342,5324,3330
4343,5325,3326
4344,5330,3327
4345,5329,3324
4346,5335,3319
4347,5331,3320
4348,5330,3315
4349,5338,3318
4350,5338,3323
4351,5332,3318
4352,5339,3324
4353,5337,3321
4354,5345,3327
4355,5353,3331
4356,5357,3326
4357,5355,3321
4358,5355,3323
4359,5356,3320
4360,5364,3323
4361,5367,3319
4362,5371,3314
4363,5370,3313
4364,5364,3315
4365,5361,3313
4366,5356,3317
4367,5354,3319
4368,5351,3316
4369,5356,3318
4370,5360,3324
4371,5367,3326
4372,5364,3325
4373,5358,3326
4374,5358,3330
4375,5361,3336
4376,5365,3334
4377,5373,3338
4378,5379,3342
4379,5378,3345
4380,5377,3341
4381,5372,3340
4382,5372,3336
4383,5370,3342
4384,5365,3339
4385,5366,3341
4386,5368,3345
4387,5371,3345
4388,5368,3341
4389,5374,3336
4390,5376,3334
4391,5381,3331
4392,5375,3337
4393,5381,3343
4394,5380,3348
4395,5375,3347
4396,5370,3346
4397,5377,3344
4398,5371,3345
4399,5366,3343
4400,5373,3340
4401,5376,3345
4402,5370,3346
4403,5373,3349
4404,5374,3350
4405,5377,3351
4406,5383,3352
4407,5388,3354
4408,5391,3358
4409,5385,3356
4410,5393,3355
4411,5390,3360
4412,5387,3361
4413,5385,3365
4414,5386,3369
4415,5387,3364
4416,5381,3370
4417,5375,3373
4418,5380,3378
4419,5378,3376
4420,5382,3379
4421,5385,3385
4422,5386,3383
4423,5381,3381
4424,5377,3379
4425,5373,3380
4426,5379,3383
4427,5385,3385
4428,5390,3381
4429,5388,3378
4430,5382,3376
4431,5377,3371
4432,5384,3370
4433,5382,3376
4434,5380,3380
4435,5388,3378
4436,5383,3381
4437,5381,3377
4438,5382,3374
4439,5387,3380
4440,5386,3386
4441,5390,3392
4442,5398,3397
4443,5398,3395
4444,5406,3395
4445,5400,3393
4446,5404,3391
4447,5409,3394
4448,5409,3389
4449,5411,3390
4450,5405,3391
4451,5411,3386
4452,5412,3387
4453,5411,3382
4454,5405,3387
4455,5410,3389
4456,5409,3384
4457,5406,3384
4458,5408,3379
4459,5414,3381
4460,5421,3380
4461,5424,3385
4462,5430,3382
4463,5429,3388
4464,5430,3392
4465,5434,3390
4466,5434,3387
4467,5436,3393
4468,5431,3395
4469,5433,3400
4470,5435,3397
4471,5441,3397
4472,5446,3396
4473,5448,3402
4474,5447,3405
4475,5446,3401
4476,5442,3398
4477,5436,3402
4478,5437,3403
4479,5439,3398
4480,5445,3400
4481,5450,3400
4482,5447,3400
4483,5452,3406
4484,5458,3404
4485,5453,3400
4486,5454,3401
4487,5449,3405
4488,5449,3408
4489,5457,3412
4490,5465,3416
4491,5464,3411
4492,5471,3406
4493,5466,3406
4494,5468,3406
4495,5472,3402
4496,5475,3405
4497,5471,3401
4498,5469,3405
4499,5472,3403
4500,5476,3407
4501,5476,3409
4502,5484,3413
4503,5489,3412
4504,5493,3409
4505,5499,3410
4506,5498,3407
4507,5495,3408
4508,5492,3411
4509,5496,3414
4510,5504,3416
4511,5505,3419
4512,5505,3422
4513,5502,3419
4514,5496,3417
4515,5495,3423
4516,5501,3429
4517,5503,3427
4518,5504,3429
4519,5511,3434
4520,5510,3429
4521,5518,3433
4522,5518,3438
4523,5525,3436
4524,5532,3442
4525,5536,3438
4526,5535,3435
4527,5534,3441
4528,5541,3447
4529,5546,3449
4530,5544,3452
4531,5545,3458
4532,5539,3455
4533,5538,3456
4534,5546,3461
4535,5552,3463
4536,5548,3467
4537,5542,3467
4538,5546,3467
4539,5546,3468
4540,5553,3467
4541,5551,3462
4542,5548,3467
4543,5552,3472
4544,5558,3473
4545,5557,3479
4546,5562,3479
4547,5570,3475
4548,5564,3472
4549,5567,3467
4550,5563,3469
4551,5563,3472
4552,5560,3470
4553,5561,3465
4554,5560,3466
4555,5555,3470
4556,5552,3469
4557,5548,3466
4558,5551,3472
4559,5546,3478
4560,5542,3478
4561,5537,3478
4562,5536,3475
4563,5533,3481
4564,5539,3480
4565,5537,3482
4566,5539,3488
4567,5540,3489
4568,5546,3490
4569,5550,3492
4570,5547,3488
4571,5550,3484
4572,5550,3488
4573,5549,3485
4574,5556,3481
4575,5564,3479
4576,5560,3478
4577,5568,3482
4578,5570,3488
4579,5566,3489
4580,5562,3491
4581,5557,3487
4582,5564,3488
4583,5567,3486
4584,5562,3482
4585,5566,3485
4586,5569,3489
4587,5570,3490
4588,5569,3485
4589,5568,3486
4590,5568,3488
4591,5565,3490
4592,5568,3485
4593,5562,3481
4594,5564,3481
4595,5564,3483
4596,5560,3489
4597,5568,3488
4598,5564,3486
4599,5560,3490
4600,5564,3491
4601,5568,3495
4602,5568,3496
4603,5573,3498
4604,5579,3493
4605,5584,3493
4606,5580,3498
4607,5586,3497
4608,5584,3497
4609,5587,3497
4610,5589,3495
4611,5585,3494
4612,5580,3490
4613,5583,3496
4614,5582,3500
4615,5582,3496
4616,5578,3501
4617,5576,3503
4618,5577,3505
4619,5579,3500
4620,5584,3501
4621,5591,3498
4622,5598,3500
4623,5606,3498
4624,5606,3502
4625,5608,3505
4626,5603,3503
4627,5607,3508
4628,5606,3511
4629,5608,3512
4630,5612,3509
4631,5620,3512
4632,5622,3510
4633,5623,3505
4634,5626,3506
4635,5623,3505
4636,5629,3505
4637,5636,3509
4638,5639,3514
4639,5645,3509
4640,5641,3504
4641,5636,3500
4642,5641,3500
4643,5647,3506
4644,5651,3509
4645,5653,3511
4646,5660,3510
4647,5658,3511
4648,5655,3507
4649,5660,3502
4650,5666,3507
4651,5674,3512
4652,5672,3510
4653,5667,3505
4654,5672,3510
4655,5675,3511
4656,5676,3506
4657,5679,3503
4658,5682,3509
4659,5687,3511
4660,5687,3508
4661,5691,3510
4662,5691,3515
4663,5695,3511
4664,5696,3512
4665,5702,3508
4666,5707,3508
4667,5713,3512
4668,5715,3510
4669,5721,3512
4670,5719,3512
4671,5718,3509
4672,5726,3514
4673,5726,3514
4674,5731,3512
4675,5725,3509
4676,5719,3508
4677,5716,3503
4678,5723,3506
4679,5724,3512
4680,5718,3515
4681,5713,3517
4682,5719,3515
4683,5723,3514
4684,5719,3519
4685,5726,3515
4686,5723,3519
4687,5724,3525
4688,5732,3525
4689,5730,3522
4690,5728,3526
4691,5729,3526
4692,5728,3526
4693,5728,3528
4694,5733,3523
4695,5739,3527
4696,5740,3525
4697,5747,3520
4698,5745,3526
4699,5751,3528
4700,5758,3524
4701,5765,3527
4702,5770,3525
4703,5771,3525
4704,5767,3521
4705,5761,3522
4706,5761,3525
4707,5769,3530
4708,5770,3531
4709,5768,3531
4710,5771,3533
4711,5767,3533
4712,5768,3539
4713,5762,3536
4714,5757,3538
4715,5762,3541
4716,5768,3537
4717,5768,3542
4718,5763,3540
4719,5761,3536
4720,5757,3541
4721,5756,3538
4722,5756,3543
4723,5752,3545
4724,5759,3549
4725,5761,3554
4726,5757,3559
4727,5761,3555
4728,5766,3557
4729,5764,3555
4730,5771,3552
4731,5768,3558
4732,5770,3555
4733,5771,3550
4734,5765,3554
4735,5773,3554
4736,5770,3550
4737,5767,3549
4738,5775,3548
4739,5775,3543
4740,5782,3546
4741,5783,3552
4742,5777,3550
4743,5780,3550
4744,5783,3555
4745,5781,3558
4746,5789,3557
4747,5788,3557
4748,5787,3561
4749,5785,3561
4750,5792,3564
4751,5798,3568
4752,5792,3565
4753,5791,3562
4754,5786,3563
4755,5780,3558
4756,5787,3557
4757,5792,3561
4758,5789,3562
4759,5793,3567
4760,5800,3563
4761,5807,3559
4762,5802,3556
4763,5799,3557
4764,5803,3556
4765,5806,3555
4766,5806,3560
4767,5812,3559
4768,5816,3554
4769,5818,3559
4770,5825,3556
4771,5823,3560
4772,5822,3560
4773,5827,3564
4774,5825,3568
4775,5828,3567
4776,5823,3565
4777,5820,3563
4778,5828,3569
4779,5824,3574
4780,5827,3580
4781,5827,3578
4782,5831,3577
4783,5836,3583
4784,5839,3582
4785,5844,3587
4786,5842,3583
4787,5843,3580
4788,5838,3575
4789,5845,3573
4790,5850,3569
4791,5856,3565
4792,5860,3570
4793,5858,3572
4794,5858,3577
4795,5866,3575
4796,5863,3580
4797,5865,3582
4798,5864,3581
4799,5864,3586
4800,5863,3589
4801,5862,3585
4802,5866,3581
4803,5868,3583
4804,5863,3580
4805,5870,3583
4806,5864,3588
4807,5862,3585
4808,5865,3582
4809,5868,3587
4810,5870,3592
4811,5870,3590
4812,5865,3595
4813,5866,3596
4814,5873,3602
4815,5876,3599
4816,5875,3600
4817,5871,3604
4818,5875,3601
4819,5878,3601
4820,5879,3599
4821,5877,3605
4822,5881,3603
4823,5883,3601
4824,5889,3606
4825,5896,3610
4826,5898,3610
4827,5897,3615
4828,5897,3614
4829,5902,3610
4830,5897,3614
4831,5901,3614
4832,5899,3620
4833,5897,3620
4834,5895,3621
4835,5892,3618
4836,5895,3618
4837,5891,3615
4838,5886,3611
4839,5887,3607
4840,5892,3603
4841,5888,3607
4842,5883,3612
4843,5889,3607
4844,5896,3602
4845,5893,3600
4846,5900,3596
4847,5902,3602
4848,5910,3597
4849,5910,3601
4850,5914,3599
4851,5919,3603
4852,5922,3599
4853,5930,3595
4854,5937,3594
4855,5931,3599
4856,5938,3602
4857,5946,3605
4858,5942,3600
4859,5941,3595
4860,5945,3596
4861,5951,3593
4862,5948,3592
4863,5956,3595
4864,5962,3592
4865,5970,3589
4866,5968,3593
4867,5967,3597
4868,5965,3598
4869,5963,3596
4870,5965,3601
4871,5964,3596
4872,5960,3591
4873,5962,3588
4874,5966,3594
4875,5963,3593
4876,5969,3589
4877,5971,3595
4878,5966,3591
4879,5962,3596
4880,5960,3597
4881,5954,3598
4882,5959,3599
4883,5966,3598
4884,5973,3596
4885,5975,3602
4886,5980,3606
4887,5975,3611
4888,5974,3614
4889,5977,3619
4890,5979,3620
4891,5980,3617
4892,5977,3613
4893,5976,3619
4894,5978,3621
4895,5983,3619
4896,5989,3624
4897,5983,3619
4898,5977,3620
4899,5982,3616
4900,5976,3612
4901,5983,3608
4902,5984,3613
4903,5985,3613
4904,5986,3612
4905,5990,3610
4906,5991,3611
4907,5986,3616
4908,5990,3618
4909,5992,3614
4910,5987,3610
4911,5989,3609
4912,5994,3611
4913,6001,3614
4914,6003,3611
4915,6008,3608
4916,6012,3608
4917,6018,3607
4918,6017,3610
4919,6021,3607
4920,6025,3612
4921,6024,3612
4922,6018,3615
4923,6023,3612
4924,6021,3613
4925,6021,3614
4926,6015,3615
4927,6023,3611
4928,6026,3613
4929,6023,3613
4930,6019,3609
4931,6017,3608
4932,6018,3613
4933,6019,3619
4934,6026,3621
4935,6032,3623
4936,6033,3628
4937,6034,3633
4938,6035,3634
4939,6029,3640
4940,6034,3640
4941,6031,3640
4942,6026,3645
4943,6024,3651
4944,6031,3656
4945,6032,3656
4946,6035,3652
4947,6031,3649
4948,6031,3644
4949,6030,3641
4950,6032,3645
4951,6033,3642
4952,6029,3641
4953,6029,3646
4954,6034,3650
4955,6040,3652
4956,6037,3652
4957,6032,3652
4958,6040,3649
4959,6038,3648
4960,6044,3646
4961,6043,3648
4962,6044,3652
4963,6047,3647
4964,6051,3649
4965,6045,3646
4966,6044,3646
4967,6039,3646
4968,6036,3647
4969,6042,3649
4970,6041,3646
4971,6047,3649
4972,6047,3646
4973,6048,3642
4974,6049,3643
4975,6048,3641
4976,6055,3647
4977,6063,3642
4978,6066,3644
4979,6062,3642
4980,6059,3647
4981,6061,3642
4982,6063,3637
4983,6066,3640
4984,6060,3640
4985,6060,3637
4986,6058,3632
4987,6053,3637
4988,6055,3643
4989,6059,3645
4990,6065,3648
4991,6061,3646
4992,6056,3648
4993,6063,3647
4994,6062,3653
4995,6059,3655
4996,6059,3660
4997,6064,3657
4998,6070,3662
4999,6065,3664
5000,6062,3666
5001,6070,3667
5002,6071,3671
5003,6071,3671
5004,6071,3667
5005,6077,3669
5006,6073,3669
5007,6079,3675
5008,6080,3676
5009,6088,3671
5010,6084,3677
5011,6090,3681
5012,6091,3684
5013,6095,3689
5014,6099,3685
5015,6101,3682
5016,6103,3679
5017,6099,3683
5018,6107,3685
5019,6101,3683
5020,6106,3689
5021,6101,3687
5022,6100,3682
5023,6101,3684
5024,6098,3682
5025,6106,3677
5026,6103,3673
5027,6106,3670
5028,6100,3671
5029,6102,3668
5030,6106,3667
5031,6110,3671
5032,6112,3676
5033,6116,3681
5034,6110,3684
5035,6106,3682
5036,6106,3688
5037,6101,3684
5038,6106,3681
5039,6106,3678
5040,6101,3677
5041,6095,3675
5042,6098,3673
5043,6102,3675
5044,6096,3673
5045,6104,3673
5046,6099,3677
5047,6094,3675
5048,6098,3678
5049,6105,3682
5050,6103,3678
5051,6108,3676
5052,6112,3679
5053,6111,3676
5054,6118,3681
5055,6114,3676
5056,6108,3672
5057,6111,3678
5058,6117,3683
5059,6118,3684
5060,6120,3689
5061,6117,3688
5062,6121,3688
5063,6128,3685
5064,6133,3688
5065,6134,3694
5066,6130,3690
5067,6138,3695
5068,6133,3692
5069,6127,3696
5070,6134,3692
5071,6141,3696
5072,6140,3701
5073,6141,3700
5074,6147,3702
5075,6144,3701
5076,6145,3703
5077,6146,3707
5078,6141,3709
5079,6139,3709
5080,6141,3707
5081,6137,3703
5082,6132,3704
5083,6126,3699
5084,6122,3697
5085,6118,3701
5086,6121,3699
5087,6120,3698
5088,6116,3700
5089,6118,3698
5090,6121,3699
5091,6119,3702
5092,6115,3701
5093,6113,3706
5094,6108,3706
5095,6104,3704
5096,6104,3701
5097,6103,3699
5098,6109,3695
5099,6111,3691
5100,6113,3686
5101,6110,3689
5102,6114,3690
5103,6110,3694
5104,6114,3694
5105,6120,3699
5106,6117,3695
5107,6111,3696
5108,6116,3694
5109,6124,3699
5110,6132,3696
5111,6139,3698
5112,6134,3693
5113,6137,3691
5114,6140,3689
5115,6139,3684
5116,6140,3690
5117,6147,3696
5118,6145,3696
5119,6143,3694
5120,6140,3693
5121,6141,3696
5122,6140,3695
5123,6135,3698
5124,6133,3697
5125,6128,3700
5126,6123,3697
5127,6129,3698
5128,6131,3693
5129,6137,3690
5130,6145,3692
5131,6148,3691
5132,6152,3693
5133,6150,3692
5134,6144,3687
5135,6142,3689
5136,6144,3688
5137,6144,3691
5138,6149,3689
5139,6154,3688
5140,6148,3685
5141,6151,3685
5142,6159,3685
5143,6165,3689
5144,6163,3684
5145,6159,3687
5146,6166,3689
5147,6170,3685
5148,6174,3681
5149,6182,3684
5150,6188,3685
5151,6183,3687
5152,6188,3691
5153,6186,3693
5154,6183,3691
5155,6184,3686
5156,6181,3689
5157,6178,3694
5158,6183,3690
5159,6180,3688
5160,6181,3694
5161,6186,3692
5162,6192,3696
5163,6186,3702
5164,6187,3701
5165,6191,3703
5166,6199,3698
5167,6203,3695
5168,6197,3698
5169,6202,3697
5170,6203,3699
5171,6200,3703
5172,6201,3699
5173,6206,3701
5174,6212,3706
5175,6207,3704
5176,6214,3704
5177,6209,3709
5178,6207,3715
5179,6205,3715
5180,6203,3710
5181,6205,3705
5182,6203,3711
5183,6205,3707
5184,6206,3704
5185,6204,3703
5186,6204,3705
5187,6207,3710
5188,6204,3711
5189,6208,3716
5190,6202,3719
5191,6196,3724
5192,6203,3723
5193,6206,3723
5194,6204,3726
5195,6205,3727
5196,6206,3725
5197,6201,3728
5198,6205,3734
5199,6205,3736
5200,6212,3736
5201,6218,3734
5202,6217,3737
5203,6211,3737
5204,6205,3741
5205,6208,3741
5206,6216,3742
5207,6219,3744
5208,6219,3742
5209,6223,3737
5210,6219,3732
5211,6219,3728
5212,6219,3726
5213,6217,3727
5214,6224,3722
5215,6229,3723
5216,6234,3725
5217,6239,3726
5218,6247,3725
5219,6246,3724
5220,6249,3730
5221,6249,3735
5222,6255,3730
5223,6260,3730
5224,6260,3736
5225,6259,3732
5226,6260,3727
5227,6266,3729
5228,6270,3728
5229,6278,3726
5230,6286,3730
5231,6280,3733
5232,6279,3735
5233,6273,3737
5234,6277,3736
5235,6285,3731
5236,6288,3731
5237,6285,3726
5238,6289,3727
5239,6296,3733
5240,6300,3735
5241,6297,3736
5242,6294,3739
5243,6292,3734
5244,6297,3739
5245,6300,3742
5246,6306,3740
5247,6313,3736
5248,6317,3742
5249,6314,3738
5250,6310,3738
5251,6312,3736
5252,6318,3739
5253,6315,3738
5254,6309,3734
5255,6304,3730
5256,6298,3732
5257,6300,3738
5258,6299,3741
5259,6301,3742
5260,6298,3740
5261,6296,3740
5262,6296,3739
5263,6297,3740
5264,6299,3746
5265,6293,3750
5266,6290,3755
5267,6284,3755
5268,6278,3754
5269,6274,3760
5270,6278,3761
5271,6273,3759
5272,6277,3759
5273,6275,3761
5274,6280,3758
5275,6274,3764
5276,6282,3769
5277,6282,3775
5278,6279,3778
5279,6279,3783
5280,6273,3786
5281,6268,3787
5282,6268,3785
5283,6276,3780
5284,6271,3779
5285,6274,3778
5286,6274,3784
5287,6279,3784
5288,6287,3781
5289,6294,3784
5290,6290,3783
5291,6296,3786
5292,6290,3786
5293,6290,3784
5294,6291,3781
5295,6299,3780
5296,6296,3777
5297,6304,3772
5298,6306,3770
5299,6306,3770
5300,6303,3772
5301,6304,3771
5302,6310,3767
5303,6316,3772
5304,6318,3776
5305,6314,3781
5306,6319,3787
5307,6318,3786
5308,6315,3784
5309,6311,3781
5310,6314,3776
5311,6308,3776
5312,6314,3778
5313,6315,3775
5314,6319,3779
5315,6313,3780
5316,6316,3784
5317,6323,3779
5318,6330,3782
5319,6333,3788
5320,6332,3783
5321,6326,3789
5322,6334,3794
5323,6330,3791
5324,6329,3786
5325,6328,3785
5326,6324,3791
5327,6327,3788
5328,6328,3783
5329,6323,3787
5330,6326,3787
5331,6330,3782
5332,6326,3786
5333,6329,3784
5334,6330,3780
5335,6330,3776
5336,6338,3782
5337,6335,3777
5338,6342,3774
5339,6347,3775
5340,6350,3773
5341,6351,3777
5342,6355,3775
5343,6355,3779
5344,6358,3776
5345,6363,3774
5346,6358,3776
5347,6366,3772
5348,6372,3767
5349,6378,3766
5350,6381,3767
5351,6386,3763
5352,6382,3761
5353,6383,3761
5354,6388,3765
5355,6388,3760
5356,6393,3758
5357,6401,3764
5358,6408,3765
5359,6412,3762
5360,6418,3759
5361,6416,3764
5362,6412,3768
5363,6411,3774
5364,6413,3774
5365,6419,3776
5366,6422,3775
5367,6427,3781
5368,6422,3783
5369,6421,3781
5370,6416,3778
5371,6413,3773
5372,6417,3771
5373,6413,3766
5374,6412,3772
5375,6406,3767
5376,6411,3773
5377,6405,3769
5378,6404,3773
5379,6409,3771
5380,6417,3767
5381,6424,3767
5382,6426,3767
5383,6432,3767
5384,6430,3767
5385,6424,3770
5386,6421,3775
5387,6419,3778
5388,6426,3776
5389,6427,3777
5390,6427,3783
5391,6435,3785
5392,6442,3783
5393,6447,3778
5394,6455,3775
5395,6454,3770
5396,6452,3771
5397,6452,3777
5398,6449,3782
5399,6447,3780
5400,6450,3778
5401,6450,3780
5402,6454,3778
5403,6459,3783
5404,6465,3787
5405,6461,3792
5406,6467,3796
5407,6465,3792
5408,6473,3796
5409,6469,3792
5410,6468,3796
5411,6469,3794
5412,6469,3796
5413,6470,3794
5414,6465,3790
5415,6464,3786
5416,6458,3786
5417,6461,3784
5418,6467,3784
5419,6470,3782
5420,6467,3783
5421,6466,3784
5422,6474,3788
5423,6478,3783
5424,6475,3779
5425,6471,3781
5426,6470,3778
5427,6466,3775
5428,6471,3775
5429,6472,3777
5430,6469,3777
5431,6468,3777
5432,6475,3780
5433,6469,3781
5434,6463,3784
5435,6461,3782
5436,6463,3785
5437,6467,3786
5438,6467,3791
5439,6463,3788
5440,6461,3790
5441,6463,3789
5442,6471,3791
5443,6473,3795
5444,6473,3799
5445,6477,3803
5446,6484,3803
5447,6481,3799
5448,6477,3805
5449,6476,3809
5450,6480,3804
5451,6479,3808
5452,6482,3804
5453,6479,3807
5454,6475,3805
5455,6476,3802
5456,6473,3803
5457,6481,3809
5458,6479,3808
5459,6476,3810
5460,6474,3813
5461,6470,3816
5462,6466,3816
5463,6466,3822
5464,6470,3826
5465,6472,3832
5466,6468,3833
5467,6465,3832
5468,6465,3829
5469,6462,3833
5470,6467,3839
5471,6475,3837
5472,6471,3833
5473,6473,3832
5474,6477,3838
5475,6471,3833
5476,6471,3836
5477,6467,3832
5478,6461,3829
5479,6456,3829
5480,6453,3831
5481,6451,3829
5482,6454,3828
5483,6448,3828
5484,6455,3824
5485,6452,3820
5486,6451,3817
5487,6452,3818
5488,6448,3817
5489,6447,3813
5490,6442,3819
5491,6442,3817
5492,6441,3815
5493,6436,3810
5494,6440,3811
5495,6447,3807
5496,6453,3809
5497,6453,3808
5498,6452,3803
5499,6456,3807
5500,6456,3810
5501,6454,3808
5502,6454,3804
5503,6454,3802
5504,6451,3805
5505,6456,3800
5506,6459,3802
5507,6459,3799
5508,6455,3797
5509,6461,3794
5510,6457,3791
5511,6462,3791
5512,6462,3796
5513,6458,3800
5514,6463,3801
5515,6458,3796
5516,6459,3793
5517,6455,3792
5518,6450,3793
5519,6453,3790
5520,6456,3785
5521,6458,3785
5522,6462,3784
5523,6456,3780
5524,6460,3784
5525,6467,3784
5526,6470,3779
5527,6474,3774
5528,6475,3771
5529,6475,3767
5530,6483,3766
5531,6483,3764
5532,6491,3763
5533,6494,3761
5534,6491,3756
5535,6488,3751
5536,6489,3754
5537,6495,3756
5538,6490,3758
5539,6494,3759
5540,6497,3757
5541,6501,3756
5542,6497,3755
5543,6494,3750
5544,6490,3750
5545,6489,3746
5546,6491,3749
5547,6487,3749
5548,6492,3748
5549,6491,3747
5550,6499,3743
5551,6497,3749
5552,6501,3751
5553,6502,3747
5554,6510,3744
5555,6516,3744
5556,6524,3747
5557,6525,3748
5558,6523,3751
5559,6525,3747
5560,6527,3747
5561,6521,3742
5562,6523,3748
5563,6521,3749
5564,6521,3753
5565,6516,3752
5566,6521,3752
5567,6518,3753
5568,6522,3751
5569,6525,3756
5570,6519,3757
5571,6521,3758
5572,6520,3760
5573,6524,3755
5574,6532,3761
5575,6526,3763
5576,6527,3766
5577,6535,3764
5578,6530,3768
5579,6526,3767
5580,6520,3771
5581,6517,3771
5582,6514,3769
5583,6513,3765
5584,6520,3768
5585,6515,3769
5586,6521,3773
5587,6523,3774
5588,6531,3771
5589,6528,3769
5590,6536,3764
5591,6531,3759
5592,6539,3764
5593,6536,3768
5594,6534,3766
5595,6538,3770
5596,6546,3776
5597,6553,3780
5598,6555,3782
5599,6550,3779
5600,6554,3783
5601,6560,3781
5602,6562,3781
5603,6559,3781
5604,6564,3778
5605,6569,3778
5606,6575,3782
5607,6575,3781
5608,6572,3778
5609,6575,3776
5610,6578,3776
5611,6575,3780
5612,6579,3784
5613,6580,3781
5614,6574,3783
5615,6580,3785
5616,6574,3781
5617,6574,3779
5618,6582,3785
5619,6582,3785
5620,6579,3780
5621,6583,3775
5622,6581,3771
5623,6579,3775
5624,6573,3771
5625,6578,3771
5626,6572,3772
5627,6567,3776
5628,6565,3779
5629,6565,3777
5630,6573,3774
5631,6580,3772
5632,6578,3778
5633,6580,3773
5634,6575,3773
5635,6573,3779
5636,6570,3784
5637,6569,3787
5638,6574,3791
5639,6575,3797
5640,6583,3794
5641,6580,3793
5642,6588,3795
5643,6582,3801
5644,6583,3797
5645,6588,3800
5646,6592,3801
5647,6592,3807
5648,6592,3810
5649,6587,3809
5650,6594,3815
5651,6598,3811
5652,6603,3809
5653,6611,3804
5654,6606,3805
5655,6610,3803
5656,6607,3809
5657,6615,3805
5658,6612,3806
5659,6618,3803
5660,6624,3804
5661,6631,3810
5662,6627,3812
5663,6630,3814
5664,6632,3819
5665,6637,3821
5666,6645,3819
5667,6640,3814
5668,6634,3820
5669,6633,3823
5670,6637,3827
5671,6642,3830
5672,6648,3836
5673,6643,3834
5674,6643,3837
5675,6650,3836
5676,6649,3833
5677,6657,3828
5678,6654,3832
5679,6658,3834
5680,6661,3833
5681,6656,3839
5682,6661,3839
5683,6665,3842
5684,6662,3844
5685,6667,3844
5686,6667,3847
5687,6665,3843
5688,6664,3846
5689,6659,3847
5690,6663,3851
5691,6668,3855
5692,6668,3851
5693,6671,3857
5694,6679,3862
5695,6682,3863
5696,6683,3860
5697,6684,3855
5698,6683,3861
5699,6682,3859
5700,6683,3861
5701,6678,3862
5702,6674,3857
5703,6671,3859
5704,6669,3855
5705,6676,3853
5706,6677,3857
5707,6680,3857
5708,6674,3863
5709,6670,3864
5710,6678,3859
5711,6677,3865
5712,6676,3860
5713,6683,3856
5714,6691,3859
5715,6690,3858
5716,6692,3853
5717,6688,3852
5718,6686,3850
5719,6688,3847
5720,6689,3845
5721,6688,3843
5722,6691,3844
5723,6692,3850
5724,6697,3854
5725,6694,3859
5726,6694,3859
5727,6697,3859
5728,6691,3864
5729,6699,3862
5730,6696,3857
5731,6700,3863
5732,6695,3859
5733,6702,3857
5734,6700,3863
5735,6700,3858
5736,6706,3859
5737,6712,3860
5738,6718,3858
5739,6726,3861
5740,6726,3862
5741,6723,3867
5742,6724,3864
5743,6724,3861
5744,6731,3863
5745,6730,3868
5746,6729,3874
5747,6735,3878
5748,6732,3877
5749,6728,3876
5750,6736,3872
5751,6732,3873
5752,6729,3878
5753,6727,3876
5754,6729,3873
5755,6727,3869
5756,6724,3874
5757,6718,3873
5758,6715,3872
5759,6721,3873
5760,6729,3873
5761,6735,3874
5762,6743,3875
5763,6739,3877
5764,6742,3874
5765,6741,3875
5766,6741,3876
5767,6743,3871
5768,6744,3866
5769,6748,3869
5770,6745,3869
5771,6746,3868
5772,6746,3865
5773,6744,3861
5774,6750,3861
5775,6749,3857
5776,6745,3853
5777,6739,3857
5778,6739,3852
5779,6735,3857
5780,6740,3854
5781,6745,3854
5782,6740,3858
5783,6745,3857
5784,6747,3854
5785,6751,3859
5786,6754,3860
5787,6754,3865
5788,6755,3862
5789,6759,3859
5790,6767,3860
5791,6772,3861
5792,6767,3865
5793,6766,3865
5794,6767,3861
5795,6765,3865
5796,6761,3861
5797,6768,3861
5798,6774,3857
5799,6773,3863
5800,6779,3863
5801,6782,3866
5802,6778,3862
5803,6774,3866
5804,6777,3872
5805,6785,3872
5806,6791,3878
5807,6792,3883
5808,6788,3880
5809,6788,3876
5810,6784,3882
5811,6779,3878
5812,6785,3879
5813,6786,3880
5814,6783,3876
5815,6788,3877
5816,6793,3880
5817,6792,3884
5818,6800,3879
5819,6801,3881
5820,6804,3885
5821,6810,3890
5822,6814,3890
5823,6822,3885
5824,6823,3887
5825,6829,3886
5826,6827,3891
5827,6828,3895
5828,6824,3894
5829,6819,3899
5830,6824,3905
5831,6821,3901
5832,6829,3907
5833,6827,3910
5834,6822,3914
5835,6824,3910
5836,6832,3912
5837,6832,3916
5838,6835,3912
5839,6830,3909
5840,6837,3905
5841,6839,3909
5842,6845,3915
5843,6852,3919
5844,6856,3921
5845,6850,3917
5846,6847,3918
5847,6850,3916
5848,6849,3918
5849,6845,3923
5850,6839,3926
5851,6844,3924
5852,6845,3922
5853,6848,3927
5854,6848,3932
5855,6844,3929
5856,6849,3927
5857,6844,3927
5858,6852,3925
5859,6851,3929
5860,6851,3931
5861,6859,3931
5862,6861,3934
5863,6863,3934
5864,6865,3931
5865,6860,3930
5866,6865,3929
5867,6859,3933
5868,6855,3930
5869,6861,3934
5870,6868,3930
5871,6873,3932
5872,6875,3934
5873,6870,3938
5874,6873,3938
5875,6875,3940
5876,6878,3945
5877,6883,3951
5878,6879,3951
5879,6886,3946
5880,6885,3946
5881,6893,3941
5882,6892,3947
5883,6895,3945
5884,6903,3950
5885,6909,3954
5886,6912,3950
5887,6917,3950
5888,6924,3949
5889,6930,3953
5890,6933,3959
5891,6927,3958
5892,6921,3956
5893,6921,3961
5894,6917,3956
5895,6913,3954
5896,6911,3949
5897,6919,3944
5898,6921,3941
5899,6920,3938
5900,6928,3938
5901,6923,3941
5902,6931,3937
5903,6934,3940
5904,6935,3939
5905,6930,3937
5906,6935,3938
5907,6934,3944
5908,6939,3949
5909,6947,3952
5910,6951,3954
5911,6959,3959
5912,6956,3960
5913,6961,3959
5914,6962,3965
5915,6961,3966
5916,6963,3967
5917,6970,3964
5918,6977,3966
5919,6972,3966
5920,6976,3972
5921,6971,3972
5922,6966,3976
5923,6960,3982
5924,6960,3977
5925,6966,3975
5926,6967,3977
5927,6962,3982
5928,6965,3985
5929,6959,3984
5930,6961,3985
5931,6969,3981
5932,6974,3980
5933,6970,3986
5934,6969,3983
5935,6968,3980
5936,6970,3986
5937,6964,3982
5938,6958,3983
5939,6955,3981
5940,6958,3982
5941,6962,3985
5942,6968,3990
5943,6971,3987
5944,6966,3988
5945,6972,3986
5946,6980,3991
5947,6981,3997
5948,6978,3993
5949,6984,3998
5950,6981,4000
5951,6980,3997
5952,6977,3998
5953,6974,3994
5954,6981,3990
5955,6989,3995
5956,6994,3991
5957,6988,3986
5958,6990,3988
5959,6986,3985
5960,6992,3980
5961,6991,3980
5962,6996,3977
5963,6998,3980
5964,7005,3981
5965,7005,3976
5966,7012,3975
5967,7007,3976
5968,7005,3973
5969,7004,3971
5970,7011,3968
5971,7009,3972
5972,7003,3968
5973,7006,3968
5974,7004,3963
5975,7011,3961
5976,7017,3959
5977,7022,3954
5978,7027,3951
5979,7031,3956
5980,7028,3953
5981,7035,3957
5982,7037,3959
5983,7037,3956
5984,7033,3962
5985,7037,3958
5986,7044,3955
5987,7045,3952
5988,7049,3947
5989,7045,3948
5990,7046,3954
5991,7046,3954
5992,7048,3954
5993,7056,3953
5994,7050,3955
5995,7057,3957
5996,7065,3957
5997,7066,3961
5998,7067,3961
5999,7073,3963
6000,7076,3966
6001,7084,3972
6002,7087,3974
6003,7085,3974
6004,7081,3971
6005,7084,3970
6006,7092,3975
6007,7099,3974
6008,7099,3979
6009,7093,3974
6010,7087,3969
6011,7083,3967
6012,7082,3973
6013,7081,3971
6014,7085,3971
6015,7089,3970
6016,7089,3970
6017,7086,3972
6018,7084,3970
6019,7082,3972
6020,7085,3978
6021,7087,3983
6022,7088,3980
6023,7089,3980
6024,7097,3980
6025,7099,3976
6026,7101,3974
6027,7096,3976
6028,7091,3974
6029,7096,3975
6030,7096,3980
6031,7090,3975
6032,7096,3981
6033,7096,3976
6034,7090,3976
6035,7096,3977
6036,7104,3983
6037,7111,3984
6038,7113,3979
6039,7119,3984
6040,7120,3986
6041,7124,3991
6042,7124,3989
6043,7132,3993
6044,7133,3989
6045,7136,3994
6046,7132,3999
6047,7128,4002
6048,7124,4003
6049,7126,3998
6050,7132,4000
6051,7135,4000
6052,7131,4003
6053,7129,4007
6054,7132,4013
6055,7128,4014
6056,7128,4020
6057,7135,4020
6058,7135,4021
6059,7143,4018
6060,7149,4014
6061,7155,4019
6062,7154,4022
6063,7149,4020
6064,7143,4025
6065,7148,4029
6066,7155,4028
6067,7160,4031
6068,7157,4028
6069,7151,4034
6070,7148,4035
6071,7149,4038
6072,7148,4033
6073,7153,4039
6074,7154,4045
6075,7159,4048
6076,7155,4050
6077,7160,4053
6078,7161,4059
6079,7162,4059
6080,7156,4054
6081,7164,4060
6082,7166,4062
6083,7164,4058
6084,7160,4056
6085,7157,4054
6086,7152,4057
6087,7148,4057
6088,7150,4055
6089,7146,4057
6090,7143,4060
6091,7137,4066
6092,7143,4066
6093,7149,4070
6094,7149,4076
6095,7152,4078
6096,7155,4077
6097,7152,4080
6098,7147,4086
6099,7154,4091
6100,7151,4093
6101,7147,4094
6102,7151,4091
6103,7148,4096
6104,7149,4101
6105,7149,4100
6106,7154,4095
6107,7150,4096
6108,7151,4096
6109,7154,4102
6110,7151,4103
6111,7157,4105
6112,7161,4108
6113,7163,4110
6114,7171,4105
6115,7167,4100
6116,7171,4102
6117,7174,4106
6118,7175,4112
6119,7171,4116
6120,7171,4111
6121,7177,4106
6122,7183,4110
6123,7180,4111
6124,7174,4111
6125,7181,4117
6126,7185,4116
6127,7190,4113
6128,7188,4113
6129,7188,4117
6130,7184,4119
6131,7184,4121
6132,7185,4120
6133,7181,4124
6134,7189,4127
6135,7189,4123
6136,7197,4128
6137,7198,4132
6138,7201,4135
6139,7197,4131
6140,7203,4137
6141,7208,4141
6142,7205,4142
6143,7202,4137
6144,7199,4133
6145,7198,4129
6146,7204,4132
6147,7198,4133
6148,7201,4136
6149,7204,4133
6150,7204,4132
6151,7204,4134
6152,7203,4135
6153,7202,4138
6154,7203,4141
6155,7210,4137
6156,7207,4135
6157,7206,4132
6158,7205,4137
6159,7206,4139
6160,7213,4134
6161,7207,4136
6162,7213,4132
6163,7220,4127
6164,7227,4131
6165,7226,4132
6166,7220,4133
6167,7222,4139
6168,7219,4135
6169,7219,4135
6170,7221,4136
6171,7229,4135
6172,7226,4133
6173,7220,4138
6174,7224,4135
6175,7218,4133
6176,7213,4134
6177,7221,4132
6178,7223,4135
6179,7225,4131
6180,7224,4137
6181,7223,4142
6182,7230,4143
6183,7227,4143
6184,7234,4143
6185,7228,4138
6186,7235,4141
6187,7243,4140
6188,7242,4141
6189,7243,4147
6190,7241,4144
6191,7249,4140
6192,7253,4136
6193,7249,4133
6194,7253,4134
6195,7260,4130
6196,7256,4129
6197,7250,4135
6198,7250,4130
6199,7258,4125
6200,7252,4120
6201,7246,4125
6202,7246,4126
6203,7245,4127
6204,7250,4129
6205,7255,4135
6206,7251,4136
6207,7259,4134
6208,7254,4133
6209,7253,4138
6210,7250,4134
6211,7252,4134
6212,7254,4135
6213,7253,4137
6214,7257,4132
6215,7257,4135
6216,7257,4132
6217,7265,4131
6218,7263,4129
6219,7268,4126
6220,7263,4128
6221,7269,4128
6222,7275,4127
6223,7278,4128
6224,7274,4129
6225,7277,4126
6226,7280,4127
6227,7287,4131
6228,7284,4133
6229,7291,4132
6230,7290,4137
6231,7286,4139
6232,7289,4141
6233,7289,4136
6234,7285,4135
6235,7284,4138
6236,7279,4144
6237,7283,4140
6238,7287,4143
6239,7291,4146
6240,7299,4144
6241,7293,4142
6242,7292,4139
6243,7290,4142
6244,7292,4137
6245,7295,4142
6246,7302,4147
6247,7307,4147
6248,7312,4150
6249,7306,4148
6250,7310,4147
6251,7312,4146
6252,7320,4148
