Batch,C1 Pressure (PRESSURE),C2 Flow (4-20) (FLOW),Overlay,Volume,Film-Thickness
1,1.87,131.25,1759,315.5,49512
2,1.89,131.25,1746,305.5,47101
3,1.9,131.25,1482,330.5,60023
4,1.89,131.25,1857,319.5,55428
5,1.86,134.375,1844,323.5,46442
6,1.78,134.375,1584,314.5,45539
7,1.72,137.5,1689,319.5,51492
8,1.65,137.5,1782,299,47661
9,1.59,137.5,1572,319.5,70638
10,1.53,137.5,1377,289,45944
11,1.46,137.5,1848,315.5,56955
12,1.42,137.5,1689,318.5,37616
13,1.43,137.5,1528,305.5,47953
14,1.39,137.5,1913,316.5,51891
15,1.37,143.75,1648,298.5,42608
16,1.34,146.875,1470,320,60625
17,1.33,143.75,1398,306.5,42359
18,1.34,140.625,1452,304,46554
19,1.33,146.875,1377,314.5,49564
20,1.31,143.75,1433,304,47824
21,1.28,143.75,1573,298.5,48516
22,1.35,146.875,1349,307,75703
23,1.34,146.875,1732,317.5,53064
24,1.33,150,1578,307,51152
25,1.32,146.875,1507,325,45172
26,1.31,146.875,1628,297.5,49898
27,1.31,146.875,1440,303,43420
28,1.3,146.875,1482,316,49625
29,1.29,146.875,1512,319,48163
30,1.29,146.875,1578,311,46619
31,1.29,143.75,1559,303.5,48532
32,1.27,143.75,1979,310.5,53965
33,1.3,146.875,1755,312.5,49753
34,1.16,143.75,1610,307,48741
35,1.34,150,1878,301,54110
36,1.43,150,1580,314.5,66539
37,1.45,146.875,1792,316.5,49898
38,0.96,128.125,1223,303,44963
39,1.17,137.5,1738,307.5,47454
40,1.36,143.75,1550,320.5,45574
41,1.38,143.75,1498,313.5,47744
42,1.4,143.75,1356,301.5,73536
43,1.38,140.625,1442,306,47069
44,1.38,140.625,1530,305.5,48274
45,1.37,137.5,1547,296.5,45622
46,1.34,137.5,1416,306.5,49046
47,1.32,140.625,1601,317,55492
48,1.21,143.75,1381,300,47582
49,1.22,146.875,1750,298.5,48387
50,1.25,146.875,1824,310.5,50200
51,1.25,146.875,1437,314,50477
52,1.26,146.875,1255,309.5,46715
53,1.28,146.875,1894,308.5,48242
54,1.31,146.875,1517,321,53676
55,1.32,143.75,1528,306.5,44882
56,1.28,143.75,1614,311,50493
57,1.23,143.75,1617,300.5,55654
58,1.23,140.625,1764,312.5,51200
59,1.22,140.625,1797,328.5,54512
60,1.21,143.75,1393,314.5,44352
61,1.12,143.75,1648,314.5,49705
62,1.07,143.75,1540,295,44480
63,1.14,140.625,1718,304.5,50718
64,1.18,140.625,1587,316,48435
65,1.21,140.625,1904,312.5,53596
66,1.25,140.625,1362,312.5,48387
67,1.28,140.625,1323,317.5,46301
68,1.28,140.625,1393,312.5,45890
69,1.38,140.625,1400,300,44850
70,1.44,140.625,1220,303,42873
71,1.49,140.625,1202,320.5,43388
72,1.54,137.5,1402,289.5,42391
73,1.57,137.5,1503,314.5,47760
74,1.52,134.375,1759,324,54399
75,1.52,134.375,1642,304.5,51360
76,1.54,134.375,1839,304.5,60484
77,1.55,134.375,1610,314,55800
78,1.55,131.25,1479,307,53611
79,1.56,131.25,1648,323.5,53756
80,1.57,131.25,1440,317,53756
81,1.52,128.125,1629,312.5,48226
82,1.54,128.125,1535,316.5,49689
83,1.57,128.125,1307,306.5,42262
84,1.61,128.125,1351,310.5,44706
85,1.64,128.125,1526,292.5,43146
86,1.68,128.125,1519,313.5,53048
87,1.72,128.125,1542,298,48740
88,1.78,125,1430,324,48290
89,1.79,128.125,1631,312.5,49110
90,1.77,128.125,1507,299.5,46233
91,1.79,131.25,1533,324.5,48580
92,1.81,131.25,1545,318,52052
93,1.82,131.25,1684,305,54126
94,1.82,131.25,1671,323,52824
95,1.74,131.25,1334,311.5,46120
96,1.79,131.25,1482,311.5,50959
97,1.86,131.25,1852,328.5,58096
98,1.9,131.25,1454,310,50059
99,1.91,131.25,1264,327.5,54046
100,1.9,131.25,1552,310.5,49898
101,1.87,131.25,1853,320.5,57244
102,1.84,134.375,1407,306,45429
103,1.85,137.5,1703,306.5,47808
104,1.8,140.625,1656,302,48146
105,1.75,140.625,1699,305.5,52518
106,1.69,143.75,1710,322.5,55267
107,1.64,143.75,1298,304,47262
108,1.6,143.75,1760,304.5,50396
109,1.55,143.75,1614,291,49673
110,1.49,146.875,1652,319,47374
111,1.43,146.875,1570,311,49223
112,1.37,146.875,1479,312,54480
113,1.32,146.875,1465,301,45609
114,1.27,146.875,1437,304.5,54560
115,1.26,146.875,1704,305,51280
116,1.24,143.75,1727,310,52808
117,1.2,143.75,1404,320,47583
118,1.18,143.75,1647,305.5,48918
119,1.14,143.75,1390,315,53113
120,1.09,143.75,1577,304,49062
121,1.13,146.875,1547,616,51136
122,1.11,143.75,1414,586,49110
123,1.1,146.875,1521,306,53483
124,1.08,143.75,1545,307.5,50557
125,1.05,143.75,1608,298,46410
126,1.03,143.75,1701,315,50204
127,1.01,143.75,1362,312.5,44754
128,0.95,143.75,1398,302,46233
129,0.89,143.75,1379,300.5,44095
130,0.89,146.875,1500,299.5,45799
131,0.99,143.75,1510,320,55317
132,1.08,140.625,1349,314,46426
133,1.13,140.625,1829,305.5,53917
134,1.16,140.625,1410,305,53097
135,1.19,140.625,1484,301.5,48532
136,1.2,140.625,1489,301,46024
137,1.04,131.25,1486,311,44513
138,0.75,118.75,1664,298.5,49942
139,1.15,131.25,1545,310.5,50284
140,1.25,137.5,1339,310,44384
141,1.28,137.5,1437,311,51763
142,1.27,137.5,1393,311.5,52711
143,1.25,140.625,1802,322.5,53370
144,1.16,140.625,1578,300,48275
145,1.12,143.75,1407,299,45429
146,1.19,143.75,1554,299,49705
147,1.2,143.75,1680,318.5,47703
148,1.19,140.625,1363,292.5,40944
149,1.19,143.75,1328,306.5,44738
150,1.2,143.75,1550,325,48741
151,1.23,140.625,1466,307,46940
152,1.25,140.625,1713,308.5,55176
153,1.22,140.625,1129,309.5,39594
154,1.22,140.625,1335,309.5,49416
155,1.21,137.5,1421,313.5,48258
156,1.21,137.5,1218,312.5,45984
157,1.13,140.625,1404,287,50300
158,1.07,140.625,1704,318,54930
159,1.14,140.625,1554,310,46024
160,1.17,140.625,1309,298,47599
161,1.21,140.625,1158,290,45976
162,1.27,140.625,1390,310,44095
163,1.32,140.625,1358,335,47085
164,1.29,137.5,1729,314.5,47438
165,1.4,140.625,1507,327,43002
166,1.48,137.5,1110,309.5,44223
167,1.53,137.5,1498,312.5,52776
168,1.56,137.5,1552,302,50911
169,1.59,134.375,1465,309.5,56360
170,1.61,137.5,1500,321.5,56328
171,1.53,134.375,1816,314,45300
172,1.5,131.25,1265,316.5,45976
173,1.53,131.25,1640,296.5,49712
174,1.58,134.375,1742,312,47969
175,1.62,131.25,1824,302,52984
176,1.63,131.25,1944,317.5,57936
177,1.66,131.25,1580,309,46265
178,1.67,131.25,1680,305,49305
179,1.71,131.25,1647,332.5,54270
180,1.75,131.25,1646,300,49512
181,1.8,131.25,1500,295.5,49608
182,1.79,128.125,1433,298,45831
183,1.79,128.125,1638,313.5,48435
184,1.84,125,1505,302,51152
185,1.88,125,1456,322.5,51827
186,1.88,125,1818,319,52647
187,1.95,125,1533,312.5,48886
188,1.99,125,1535,323.5,50782
189,2,125,1323,306.5,50911
190,1.99,125,1542,316.5,50252
191,1.87,125,1387,312,48757
192,1.96,125,1610,308,49480
193,2.02,128.125,1629,318,52422
194,2.06,128.125,1367,310,45204
195,2.07,128.125,1558,302.5,50766
196,2.05,128.125,1500,307.5,48596
197,2,128.125,1890,310.5,56344
198,1.94,128.125,1550,317.5,54496
199,1.88,131.25,1127,310,38244
200,1.84,131.25,1325,310,46217
201,1.78,134.375,1759,324,56280
202,1.73,134.375,1302,324,51618
203,1.68,134.375,1561,318.5,46876
204,1.62,134.375,1194,315,50380
205,1.63,137.5,1447,327,47937
206,1.59,137.5,1659,317.5,51088
207,1.43,134.375,1794,311.5,50557
208,0.64,109.375,1407,311.5,46924
209,1.1,131.25,1384,315,46313
210,1.28,137.5,1686,310,54372
211,1.29,140.625,1626,342,60508
212,1.27,140.625,1608,321.5,49978
213,1.22,140.625,1508,302.5,45044
214,1.16,140.625,1656,317,48837
215,1.22,143.75,1540,325.5,47165
216,1.24,140.625,1617,1800,57630
217,1.24,143.75,1864,319,61303
218,1.2,140.625,1516,319,52952
219,1.2,143.75,1566,313.5,48966
220,1.25,143.75,1729,310.5,52727
221,1.23,140.625,1402,319,43548
222,1.22,143.75,1577,312,45349
223,1.16,140.625,1575,319,53129
224,1.14,140.625,1564,328.5,54274
225,1.07,137.5,1288,326,48339
226,0.57,118.75,1768,313,52100
227,0.58,118.75,1950,323.5,49239
228,0.94,134.375,1530,307,47438
229,1.08,134.375,1398,309,48274
230,1.1,134.375,1608,317,48660
231,1.14,134.375,1587,320,50750
232,1.17,134.375,1692,309,48602
233,1.19,134.375,1377,310,49673
234,1.22,134.375,1432,325.5,46201
235,1.22,134.375,1320,320,51272
236,1.23,134.375,1526,311.5,49110
237,1.22,134.375,1572,310.5,53419
238,1.27,137.5,1312,302.5,42439
239,1.3,143.75,1506,303,41732
240,1.22,143.75,1330,301.5,42310
241,1.19,143.75,1692,326.5,49384
242,1.22,146.875,1813,316.5,51875
243,1.24,143.75,1526,307.5,46008
244,1.26,146.875,1703,331.5,55839
245,1.27,146.875,1522,304.5,46097
246,1.28,143.75,1330,310,46056
247,1.29,143.75,1573,317,48853
248,1.28,143.75,1736,319,52342
249,1.28,143.75,1616,319.5,47840
250,1.28,146.875,1498,312.5,47760
251,1.27,143.75,1596,326,48821
252,1.29,143.75,1424,318,43998
253,1.24,143.75,1577,301.5,47985
254,1.11,143.75,1176,299,46088
255,1.16,143.75,1628,286.5,46040
256,1.22,143.75,1384,178.5,47937
257,1.27,143.75,1400,314.5,47503
258,1.38,146.875,1502,320,44995
259,1.45,146.875,1484,326,46410
260,1.48,146.875,1656,302.5,49609
261,1.59,146.875,1580,307.5,48773
262,1.65,143.75,1563,310,48902
263,1.68,143.75,1575,311.5,46972
264,1.73,143.75,1514,321,48419
265,1.76,146.875,1876,326.5,54239
266,1.75,143.75,1654,308,47551
267,1.77,143.75,1414,305.5,50187
268,1.77,140.625,1404,307.5,47069
269,1.8,140.625,1410,1774,48387
270,1.83,143.75,1687,304.5,50300
271,1.87,140.625,1293,312,49271
272,1.81,137.5,1479,315.5,48242
273,1.71,134.375,1549,309,56248
274,1.64,131.25,1496,312,47607
275,1.62,128.125,1586,310,46088
276,1.62,128.125,1578,310.5,48907
277,1.66,128.125,1488,303,50702
278,1.71,125,1536,310,50091
279,1.76,125,1631,310,45831
280,1.8,128.125,1592,319.5,52744
281,1.85,125,1640,304,48821
282,1.86,125,1712,311,49882
283,1.84,128.125,1549,304,52302
284,1.87,128.125,1435,314,43975
285,1.87,128.125,1774,311.5,46394
286,1.87,131.25,1120,304,46635
287,1.77,131.25,1528,305.5,51790
288,1.77,128.125,1815,311.5,54994
289,1.27,106.25,1617,286,47567
290,1.55,118.75,1694,306.5,52132
291,1.89,128.125,1832,306,50959
292,1.9,131.25,1768,322,49078
293,1.85,131.25,1498,305.5,45092
294,1.77,134.375,1687,308.5,52551
295,1.74,134.375,1564,313,49239
296,1.71,137.5,1785,322,53836
297,1.64,137.5,1502,307.5,45478
298,1.71,134.375,1654,329,45895
299,1.67,140.625,1696,307,48066
300,1.62,140.625,1638,312.5,51859
301,1.56,140.625,1549,333,52406
302,1.49,140.625,1547,337.5,51522
303,1.12,131.25,1552,316.5,47808
304,1.09,134.375,1626,317.5,52468
305,1.3,143.75,1519,298.5,48692
306,1.32,146.875,1727,320.5,52518
307,1.31,146.875,1519,315.5,53499
308,1.28,146.875,1913,326,54512
309,1.09,140.625,1426,315.5,44529
310,1.2,146.875,1976,313,53852
311,1.21,146.875,1648,307.5,52438
312,1.3,150,1477,312.5,43902
313,1.32,143.75,1746,309.5,50509
314,1.32,146.875,1556,303,47937
315,1.32,146.875,1703,312,48708
316,1.31,146.875,1521,311.5,49834
317,1.32,143.75,2039,309,55251
318,1.45,150,1648,300.5,46740
319,1.47,150,1508,321,50654
320,1.48,150,1507,311.5,46780
321,1.46,150,1701,326.5,48926
322,1.37,150,1932,316,57936
323,1.4,150,1500,316.5,47969
324,1.45,146.875,1656,311.5,49271
325,1.49,146.875,1587,317.5,51297
326,1.51,146.875,1508,306.5,47390
327,1.52,146.875,1475,294.5,49516
328,1.54,146.875,1750,305.5,50606
329,1.56,146.875,1764,312.5,51988
330,1.55,143.75,1600,300,47197
331,1.55,146.875,1566,322.5,51972
332,1.55,146.875,1773,334,58000
333,1.55,146.875,1524,316,42150
334,1.52,146.875,1748,311,60476
335,1.49,146.875,1953,327.5,60202
336,1.39,146.875,1598,310.5,48982
337,1.35,150,1535,328.5,49962
338,1.39,150,2044,327.5,57052
339,1.41,150,1631,302,50975
340,1.42,150,1774,312.5,56537
341,1.44,150,1788,318.5,50139
342,1.46,150,1605,299.5,49898
343,1.47,150,1356,318,49207
344,1.48,150,1804,307,53547
345,1.48,150,1503,309.5,47101
346,1.45,150,1636,322.5,45027
347,1.33,143.75,1771,310,53579
348,1.29,143.75,1762,307.5,53692
349,1.22,143.75,1843,315.5,55332
350,0.88,137.5,1769,304,54672
351,0.84,134.375,1690,321.5,48564
352,1.07,140.625,1846,315,55412
353,1.17,143.75,1522,315.5,48998
354,1.27,143.75,1339,309.5,45558
355,1.15,137.5,1703,311.5,52454
356,0.91,128.125,1656,314,53901
357,1.3,143.75,1412,316,49737
358,1.39,140.625,1653,320,52824
359,1.45,143.75,1656,314,50268
360,1.48,140.625,1682,294.5,52302
361,1.52,140.625,1852,316.5,51522
362,1.58,140.625,1643,327.5,55312
363,1.58,137.5,1684,299.5,47326
364,1.45,134.375,1787,317.5,48403
365,1.51,134.375,1731,308.5,48274
366,1.5,134.375,1516,316.5,48290
367,1.56,134.375,1687,306.5,52357
368,1.58,134.375,1659,312.5,52031
369,1.6,134.375,1703,314,53290
370,1.64,134.375,2014,318.5,58000
371,1.63,131.25,1824,314.5,55653
372,1.63,128.125,1524,300.5,44690
373,1.66,128.125,1701,307,49223
374,1.71,128.125,1638,309.5,49078
375,1.75,128.125,1750,293.5,49094
376,1.79,128.125,1680,302.5,47165
377,1.84,128.125,1530,316,49850
378,1.87,128.125,1843,308,53338
379,1.9,128.125,1843,311,53322
380,1.85,131.25,1594,314,46956
381,1.86,131.25,2007,314,56232
382,1.84,131.25,2030,316.5,49448
383,1.75,131.25,1596,314,43709
384,1.82,134.375,1685,317.5,54528
385,1.89,131.25,1704,293.5,45863
386,1.91,134.375,1577,295.5,46458
387,1.92,134.375,1267,319,46876
388,1.9,134.375,1379,304,50589
389,1.86,134.375,1368,303.5,44610
390,1.79,137.5,1440,302.5,45751
391,1.74,137.5,1522,285.5,53531
392,1.68,137.5,1804,311.5,55669
393,1.64,140.625,1503,298.5,48307
394,1.58,137.5,1992,314,54785
395,1.52,140.625,1549,310,46634
396,1.54,140.625,1895,297.5,52534
397,1.52,143.75,1852,300.5,54464
398,1.41,143.75,1568,303,45670
399,1.41,143.75,1652,321,57743
400,1.34,143.75,1748,307.5,52390
401,1.31,143.75,1516,320.5,48146
402,1.28,143.75,1512,310,53113
403,1.26,146.875,1561,313.5,55653
404,1.26,146.875,1805,315,51762
405,1.32,150,1841,310,57020
406,1.33,150,1564,302,45124
407,1.35,146.875,1662,317,52020
408,1.35,146.875,1253,330,44786
409,1.36,146.875,1592,294,45928
410,1.36,146.875,1866,336,65346
411,1.36,146.875,1720,333.5,54608
412,1.36,146.875,1801,331.5,65266
413,1.36,146.875,1208,311,42326
414,1.37,146.875,1956,306,56264
415,1.36,143.75,1699,319,50814
416,1.36,143.75,1549,317,47920
417,1.33,143.75,1543,318,47165
418,1.23,143.75,1488,306.5,51056
419,0.81,125,1430,288,48724
420,1.05,134.375,1533,334.5,45574
421,1.2,143.75,1694,315,48773
422,1.21,143.75,1470,303.5,48242
423,1.29,140.625,1507,324,47503
424,1.33,137.5,1682,302.5,60508
425,1.35,137.5,1535,247.5,54062
426,1.36,137.5,1619,313.5,45059
427,1.37,134.375,1802,315,52164
428,1.5,140.625,1794,304,47937
429,1.55,143.75,1526,305,51457
430,1.53,146.875,1575,298,53017
431,1.49,146.875,1941,322,59351
432,1.38,146.875,1351,309.5,44749
433,1.33,150,1818,334,59578
434,1.35,150,1992,321.5,61167
435,1.36,150,1780,305,53016
436,1.37,150,1636,303,52551
437,1.39,150,1990,331,57839
438,1.4,150,1545,311,57325
439,1.43,150,1530,1862.5,46554
440,1.44,150,1834,319,59752
441,1.43,150,1550,307.5,52148
442,1.43,150,1743,303.5,52936
443,1.43,146.875,1272,309.5,43034
444,1.41,150,1675,310,46586
445,1.35,150,1839,324,52792
446,1.26,150,1650,314.5,47905
447,1.31,150,1741,319.5,52262
448,1.36,150,1542,303.5,51313
449,1.39,150,1486,324,56087
450,1.43,146.875,1671,307.5,52204
451,1.47,146.875,1654,311,49400
452,1.46,146.875,1608,315,46554
453,1.57,143.75,1750,316.5,47310
454,1.63,143.75,1754,298,53596
455,1.69,143.75,2135,318,57426
456,1.74,143.75,1830,304,53933
457,1.76,143.75,1930,310,49030
458,1.77,140.625,1932,296,49448
459,1.67,137.5,1680,312,48998
460,1.68,137.5,1853,304,54769
461,1.7,137.5,1852,299.5,54059
462,1.6,134.375,1675,309.5,47889
463,1.67,134.375,1754,300,55235
464,1.7,134.375,1698,308,51699
465,1.64,131.25,1465,303.5,42809
466,1.56,128.125,1544,302,45526
467,1.6,128.125,1995,305,55396
468,1.65,125,1902,306.5,46298
469,1.67,125,1908,297,50477
470,1.72,121.875,1589,309.5,46988
471,1.78,125,1295,290.5,41169
472,1.83,125,1577,312.5,47251
473,1.85,121.875,1844,302.5,50557
474,1.9,121.875,1787,311,48130
475,1.94,125,1857,292,47953
476,1.96,125,1692,313.5,53515
477,1.98,125,1832,324.5,56972
478,1.97,125,1886,323.5,56328
479,1.87,125,1776,311,46683
480,1.95,125,1472,310,42714
481,2,125,1585,306.5,45176
482,2.04,125,1696,313,53354
483,2.05,125,2053,309.5,62887
484,2.05,128.125,1596,283,48724
485,2,128.125,1466,296.5,41780
486,1.94,131.25,1549,304.5,43789
487,1.87,131.25,1362,313.5,52550
488,1.81,131.25,1642,327.5,47872
489,1.75,131.25,1642,303,47889
490,1.69,131.25,1617,301.5,48808
491,1.78,140.625,1444,319,45510
492,1.8,140.625,1342,292,47598
493,1.75,140.625,1820,317,51248
494,1.68,143.75,1620,314,49207
495,1.62,143.75,1636,313,55058
496,1.56,143.75,1820,296.5,50007
497,1.53,146.875,1839,319.5,56216
498,1.49,146.875,1897,325.5,52920
499,1.45,146.875,1766,315.5,49834
500,1.41,146.875,1614,1808,49593
501,1.39,146.875,1886,317,52245
502,1.36,146.875,1962,329,56039
503,1.32,146.875,1594,326,46699
504,1.38,137.5,1846,304.5,47438
505,1.42,134.375,1610,311.5,45027
506,1.4,137.5,1626,315.5,46136
507,1.28,146.875,1582,307,45092
508,1.28,146.875,1934,296.5,50862
509,1.28,143.75,1746,301,51200
510,1.21,140.625,1426,289,51602
511,1.26,143.75,1606,304,49071
512,1.28,140.625,1463,304,47776
513,1.26,143.75,1503,302.5,50605
514,1.18,143.75,1766,321.5,54158
515,1.22,143.75,1762,298.5,47390
516,1.27,143.75,1542,305,44561
517,1.28,140.625,1787,317,56167
518,1.32,137.5,1463,330.5,42359
519,1.34,140.625,1416,313,42841
520,1.36,137.5,1771,306.5,52856
521,1.4,137.5,1788,300.5,50107
522,1.53,140.625,1566,300.5,52277
523,1.54,143.75,1614,323.5,50589
524,1.53,143.75,1864,309,50621
525,1.51,143.75,1558,314,47229
526,1.49,143.75,1815,303.5,53242
527,1.46,143.75,1706,321.5,51474
528,1.37,146.875,1638,325,46780
529,1.34,146.875,1603,299.5,46281
530,1.36,146.875,1886,306.5,45140
531,1.39,150,1318,293.5,40012
532,1.4,146.875,1561,296.5,45429
533,1.42,146.875,1734,324,45879
534,1.43,146.875,1713,302,44063
535,1.45,146.875,1255,302,44625
536,1.47,146.875,1325,310,46538
537,1.47,143.75,1628,310,48701
538,1.47,146.875,1654,309.5,50959
539,1.47,146.875,1505,314.5,42954
540,1.47,146.875,1678,309,52872
541,1.4,146.875,1668,304.5,49994
542,1.27,150,1741,322.5,47583
543,1.35,146.875,1715,311.5,49930
544,1.39,146.875,1892,301,53885
545,1.44,146.875,1349,308.5,48934
546,1.48,146.875,1536,312,46731
547,1.52,146.875,1766,314,53017
548,1.49,146.875,1740,348,51216
549,1.57,143.75,2070,305.5,61440
550,1.63,143.75,1871,308,54094
551,1.68,143.75,1484,305,45172
552,1.72,140.625,1556,299,43918
553,1.75,143.75,1456,308.5,47872
554,1.76,143.75,1549,283.5,47503
555,1.66,137.5,1771,326,57646
556,1.67,137.5,1764,310.5,52100
557,1.68,137.5,1461,319.5,42696
558,1.71,137.5,1362,308.5,48338
559,1.73,134.375,1540,333.5,49190
560,1.76,137.5,1438,309.5,42873
561,1.79,134.375,1676,357.5,47214
562,1.81,134.375,1657,317,52052
563,1.86,134.375,1843,299,49239
564,1.78,128.125,1740,308.5,50428
565,1.73,125,1586,307,44931
566,1.76,125,1461,310,47728
567,1.82,125,1852,312.5,52534
568,1.86,125,1866,335.5,51522
569,1.9,125,1760,318.5,52068
570,1.94,125,1533,308,48483
571,1.97,125,1787,320.5,53226
572,1.92,128.125,1345,299.5,42037
573,1.91,128.125,1521,292,44320
574,1.86,128.125,1439,299,47856
575,1.73,131.25,1564,299,46780
576,1.81,128.125,1778,316,52599
577,1.88,128.125,1759,297,53901
578,1.9,128.125,1897,329.5,55267
579,1.91,131.25,1521,308,47198
580,1.9,131.25,1701,312,44963
581,1.85,131.25,1547,309.5,44658
582,1.79,131.25,1811,306,54432
583,1.73,131.25,1934,312.5,54142
584,1.69,134.375,1620,323,47149
585,1.64,134.375,1746,322,55572
586,1.58,137.5,1624,302,48628
587,1.65,140.625,1493,321.5,47117
588,1.62,140.625,1738,310.5,50590
589,1.56,140.625,1899,311,58965
590,1.49,143.75,1785,307,51972
591,1.44,143.75,1564,309.5,48210
592,1.39,143.75,1421,329,51788
593,1.36,143.75,1804,322.5,51554
594,1.33,143.75,1642,316.5,48178
595,1.33,143.75,1577,305.5,49770
596,1.46,143.75,1746,311,54801
597,1.48,137.5,1521,305,48596
598,1.4,143.75,1687,310.5,51779
599,1.24,146.875,1920,314,48226
600,1.32,146.875,1846,307,51297
601,1.31,146.875,1906,318,49046
602,1.25,143.75,1619,311.5,47294
603,1.28,143.75,1456,303,49834
604,1.28,143.75,1497,314.5,43088
605,1.28,143.75,2034,317.5,58836
606,1.27,143.75,1586,317,43902
607,1.27,143.75,1678,313.5,49721
608,1.29,140.625,1720,312.5,44111
609,1.28,140.625,1918,311,54334
610,1.18,140.625,1418,318.5,44336
611,1.21,140.625,1582,303,43998
612,1.24,140.625,1549,317.5,47953
613,1.28,140.625,1923,330.5,48387
614,0.95,125,2174,326.5,55621
615,1.06,131.25,1657,320,47891
616,1.16,134.375,1458,310.5,50782
617,1.3,137.5,1981,310,52631
618,1.34,137.5,1783,330,54383
619,1.46,140.625,1550,313,48757
620,1.56,143.75,1880,299,48564
621,1.55,143.75,1568,306,48001
622,1.53,143.75,1790,313,46956
623,1.51,146.875,1684,303,51924
624,1.37,143.75,1633,315.5,46780
625,1.34,146.875,1568,307,46506
626,1.38,146.875,2116,304.5,56328
627,1.4,146.875,1470,323.5,42150
628,1.29,140.625,1446,309,45590
629,1.28,143.75,1687,316.5,52310
630,1.3,143.75,1722,313,48644
631,1.32,140.625,1419,293.5,48580
632,1.33,140.625,1423,299.5,43548
633,1.33,140.625,1516,299.5,43580
634,1.34,140.625,1568,312,48371
635,1.33,140.625,1594,322.5,47664
636,1.31,137.5,1620,305.5,45494
637,1.25,140.625,1724,314,52100
638,1.11,140.625,2170,322,59334
639,1.16,137.5,1799,314,48258
640,1.22,137.5,1526,300,49126
641,1.15,134.375,1668,321,47053
642,1.17,131.25,1517,315,45638
643,1.21,131.25,1769,315,47374
644,1.19,131.25,1678,317,46522
645,1.25,131.25,1382,295.5,43146
646,1.31,131.25,1519,318,46274
647,1.36,128.125,1608,286.5,44208
648,1.39,128.125,1535,301.5,47245
649,1.42,128.125,1561,304,50139
650,1.43,128.125,1549,317.5,51747
651,1.45,128.125,1433,304,42278
652,1.5,128.125,1496,313,50548
653,1.64,131.25,1354,287.5,42970
654,1.67,131.25,,,
655,1.69,131.25,,,
656,1.71,131.25,,,
657,1.64,128.125,,,
658,1.57,125,,,
659,1.61,125,,,
660,1.63,121.875,,,
661,1.67,121.875,,,
662,1.72,121.875,,,
663,1.75,121.875,,,
664,1.79,121.875,,,
665,1.84,121.875,,,
666,1.83,121.875,,,
667,1.89,121.875,,,
668,1.91,121.875,,,
669,1.93,121.875,,,
670,1.89,125,,,
671,1.73,128.125,,,
672,1.82,128.125,,,
673,1.87,128.125,,,
674,1.91,131.25,,,
675,1.92,128.125,,,
676,1.89,131.25,,,
677,1.85,131.25,,,
678,1.79,134.375,,,
679,1.73,131.25,,,
680,1.67,134.375,,,
681,1.64,134.375,,,
682,1.58,134.375,,,
683,1.17,125,,,
684,1.43,137.5,,,
685,1.51,140.625,,,
686,1.45,143.75,,,
687,1.4,140.625,,,
688,1.36,143.75,,,
689,1.32,143.75,,,
690,1.31,143.75,,,
691,1.27,143.75,,,
692,1.27,143.75,,,
693,1.3,146.875,,,
694,1.19,143.75,,,
695,1.13,140.625,,,
696,1.05,140.625,,,
697,1.11,140.625,,,
698,1.13,137.5,,,
699,1.11,137.5,,,
700,1.06,137.5,,,
701,1.06,137.5,,,
702,1.13,140.625,,,
703,1.21,143.75,,,
704,1.25,143.75,,,
705,1.28,143.75,,,
706,1.15,140.625,,,
707,1.16,140.625,,,
708,1.21,137.5,,,
709,1.33,143.75,,,
710,1.36,143.75,,,
711,1.37,140.625,,,
712,1.39,143.75,,,
713,1.37,140.625,,,
714,1.4,140.625,,,
715,1.4,140.625,,,
716,1.42,140.625,,,
717,1.41,140.625,,,
718,1.37,140.625,,,
719,1.35,143.75,,,
720,1.26,143.75,,,
721,1.2,143.75,,,
722,1.2,143.75,,,
723,1.22,146.875,,,
724,1.19,143.75,,,
725,1.22,143.75,,,
726,1.23,143.75,,,
727,1.25,143.75,,,
728,1.26,143.75,,,
729,1.27,143.75,,,
730,1.28,143.75,,,
731,1.29,143.75,,,
732,1.27,140.625,,,
733,1.21,143.75,,,
734,1.1,143.75,,,
735,1.15,143.75,,,
736,1.19,143.75,,,
737,1.23,140.625,,,
738,1.27,143.75,,,
739,1.32,140.625,,,
740,1.31,140.625,,,
741,1.37,140.625,,,
742,1.45,140.625,,,
743,1.5,137.5,,,
744,1.54,137.5,,,
745,1.56,137.5,,,
746,1.45,131.25,,,
747,1.47,131.25,,,
748,1.49,131.25,,,
749,1.5,131.25,,,
750,1.5,131.25,,,
751,1.52,131.25,,,
752,1.53,128.125,,,
753,1.45,125,,,
754,1.47,125,,,
755,1.53,125,,,
756,1.57,128.125,,,
757,1.59,128.125,,,
758,1.63,125,,,
759,1.67,125,,,
760,1.7,125,,,
761,1.81,125,,,
762,1.86,128.125,,,
763,1.87,131.25,,,
764,1.89,131.25,,,
765,1.89,131.25,,,
766,1.89,131.25,,,
767,1.82,134.375,,,
768,1.9,134.375,,,
769,1.96,134.375,,,
770,1.99,131.25,,,
771,2.01,134.375,,,
772,1.99,134.375,,,
773,1.97,134.375,,,
774,1.92,137.5,,,
775,1.87,137.5,,,
776,1.82,140.625,,,
777,1.75,137.5,,,
778,1.65,137.5,,,
779,1.61,137.5,,,
780,1.57,140.625,,,
781,1.51,140.625,,,
782,1.47,140.625,,,
783,1.46,143.75,,,
784,1.43,143.75,,,
785,1.39,143.75,,,
786,1.31,146.875,,,
787,1.27,146.875,,,
788,1.23,146.875,,,
789,1.17,146.875,,,
790,1.14,146.875,,,
791,1.13,146.875,,,
792,1.11,146.875,,,
793,1.09,143.75,,,
794,1.12,146.875,,,
795,1.14,146.875,,,
796,1.12,146.875,,,
797,1.1,146.875,,,
798,1.08,146.875,,,
799,1.04,143.75,,,
800,0.96,146.875,,,
801,0.99,146.875,,,
802,1.01,150,,,
803,1.14,150,,,
804,1.25,146.875,,,
805,1.31,146.875,,,
806,1.36,146.875,,,
807,1.39,146.875,,,
808,1.41,146.875,,,
809,1.44,143.75,,,
810,1.46,143.75,,,
811,1.48,143.75,,,
812,1.49,143.75,,,
813,1.48,143.75,,,
814,1.48,143.75,,,
815,1.46,143.75,,,
816,1.36,146.875,,,
817,1.3,150,,,
818,1.34,150,,,
819,1.27,146.875,,,
820,1.25,143.75,,,
821,1.27,143.75,,,
822,1.28,146.875,,,
823,1.3,143.75,,,
824,1.31,143.75,,,
825,1.34,143.75,,,
826,1.35,143.75,,,
827,1.34,143.75,,,
828,1.32,143.75,,,
829,1.25,143.75,,,
830,1.13,143.75,,,
831,1.18,146.875,,,
832,1.23,143.75,,,
833,1.22,140.625,,,
834,1.23,140.625,,,
835,1.27,140.625,,,
836,1.24,140.625,,,
837,1.3,140.625,,,
838,1.38,137.5,,,
839,1.43,137.5,,,
840,1.46,137.5,,,
841,1.5,137.5,,,
842,1.51,137.5,,,
843,1.53,134.375,,,
844,1.51,137.5,,,
845,1.52,134.375,,,
846,1.53,134.375,,,
847,1.54,134.375,,,
848,1.57,134.375,,,
849,1.55,131.25,,,
850,1.51,131.25,,,
851,1.56,131.25,,,
852,1.59,128.125,,,
853,1.64,128.125,,,
854,1.66,128.125,,,
855,1.72,128.125,,,
856,1.78,125,,,
857,1.78,128.125,,,
858,1.77,131.25,,,
859,1.79,131.25,,,
860,1.81,131.25,,,
861,1.83,131.25,,,
862,1.81,131.25,,,
863,1.72,131.25,,,
864,1.81,131.25,,,
865,1.86,131.25,,,
866,1.91,131.25,,,
867,1.91,131.25,,,
868,1.88,131.25,,,
869,1.82,131.25,,,
870,1.77,134.375,,,
871,1.72,137.5,,,
872,1.67,137.5,,,
873,1.58,137.5,,,
874,1.52,137.5,,,
875,1.47,137.5,,,
876,1.42,140.625,,,
877,1.43,140.625,,,
878,1.47,143.75,,,
879,1.43,146.875,,,
880,1.39,146.875,,,
881,1.34,143.75,,,
882,1.29,143.75,,,
883,1.27,146.875,,,
884,1.23,143.75,,,
885,1.21,143.75,,,
886,1.27,146.875,,,
887,1.31,146.875,,,
888,1.3,146.875,,,
889,1.3,150,,,
890,1.3,146.875,,,
891,1.31,146.875,,,
892,1.28,143.75,,,
893,1.31,146.875,,,
894,1.3,143.75,,,
895,1.29,143.75,,,
896,1.29,143.75,,,
897,1.28,143.75,,,
898,1.21,143.75,,,
899,1.25,143.75,,,
900,1.3,143.75,,,
901,1.21,137.5,,,
902,0.67,112.5,,,
903,0.99,128.125,,,
904,1.27,140.625,,,
905,1.34,140.625,,,
906,1.36,140.625,,,
907,1.43,140.625,,,
908,1.51,146.875,,,
909,1.5,146.875,,,
910,1.46,146.875,,,
911,1.44,150,,,
912,1.37,150,,,
913,1.33,153.125,,,
914,1.36,153.125,,,
915,1.26,150,,,
916,1.26,146.875,,,
917,1.28,146.875,,,
918,1.29,146.875,,,
919,1.31,146.875,,,
920,1.31,146.875,,,
921,1.31,146.875,,,
922,1.32,146.875,,,
923,1.3,146.875,,,
924,1.29,146.875,,,
925,1.24,146.875,,,
926,1.12,146.875,,,
927,1.18,146.875,,,
928,1.24,146.875,,,
929,1.28,146.875,,,
930,1.32,143.75,,,
931,1.38,146.875,,,
932,1.35,143.75,,,
933,1.4,143.75,,,
934,1.47,143.75,,,
935,1.52,143.75,,,
936,1.54,140.625,,,
937,1.57,143.75,,,
938,1.5,137.5,,,
939,1.51,140.625,,,
940,1.53,137.5,,,
941,1.54,137.5,,,
942,1.55,137.5,,,
943,1.56,134.375,,,
944,1.57,134.375,,,
945,1.59,134.375,,,
946,1.61,134.375,,,
947,1.65,134.375,,,
948,1.69,134.375,,,
949,1.68,131.25,,,
950,1.6,128.125,,,
951,1.57,128.125,,,
952,1.61,128.125,,,
953,1.65,128.125,,,
954,1.68,128.125,,,
955,1.72,128.125,,,
956,1.77,131.25,,,
957,1.83,131.25,,,
958,1.82,131.25,,,
959,1.73,131.25,,,
960,1.82,134.375,,,
961,1.83,131.25,,,
962,1.84,131.25,,,
963,1.84,131.25,,,
964,1.81,131.25,,,
965,1.77,134.375,,,
966,1.7,134.375,,,
967,1.64,134.375,,,
968,1.6,137.5,,,
969,1.59,137.5,,,
970,1.64,140.625,,,
971,1.59,140.625,,,
972,1.51,143.75,,,
973,1.44,143.75,,,
974,1.39,143.75,,,
975,1.35,146.875,,,
976,1.31,146.875,,,
977,1.29,146.875,,,
978,1.27,146.875,,,
979,1.32,146.875,,,
980,1.3,150,,,
981,1.3,150,,,
982,1.3,150,,,
983,1.29,150,,,
984,1.27,150,,,
985,1.28,146.875,,,
986,1.27,150,,,
987,1.27,150,,,
988,1.22,146.875,,,
989,1.06,137.5,,,
990,1.01,134.375,,,
991,1.09,137.5,,,
992,1.23,143.75,,,
993,1.23,143.75,,,
994,1.14,143.75,,,
995,1.18,143.75,,,
996,1.24,143.75,,,
997,1.33,146.875,,,
998,1.34,143.75,,,
999,1.38,143.75,,,
1000,1.41,143.75,,,
1001,1.41,143.75,,,
1002,1.35,143.75,,,
1003,1.34,143.75,,,
1004,1.34,143.75,,,
1005,1.32,143.75,,,
1006,1.3,143.75,,,
1007,1.32,143.75,,,
1008,1.23,143.75,,,
1009,1.22,146.875,,,
1010,1.23,146.875,,,
1011,1.26,146.875,,,
1012,1.28,146.875,,,
1013,1.28,146.875,,,
1014,1.3,146.875,,,
1015,1.31,146.875,,,
1016,1.34,146.875,,,
1017,1.35,143.75,,,
1018,1.35,146.875,,,
1019,1.35,146.875,,,
1020,1.33,146.875,,,
1021,1.28,146.875,,,
1022,1.14,146.875,,,
1023,1.18,146.875,,,
1024,1.23,146.875,,,
1025,1.28,146.875,,,
1026,1.32,143.75,,,
1027,1.36,143.75,,,
1028,1.33,143.75,,,
1029,1.38,143.75,,,
1030,1.47,143.75,,,
1031,1.53,143.75,,,
1032,1.55,143.75,,,
1033,1.58,143.75,,,
1034,1.53,137.5,,,
1035,1.52,137.5,,,
1036,1.51,137.5,,,
1037,1.55,137.5,,,
1038,1.51,134.375,,,
1039,1.54,137.5,,,
1040,1.57,134.375,,,
1041,1.55,134.375,,,
1042,1.52,131.25,,,
1043,1.58,131.25,,,
1044,1.62,131.25,,,
1045,1.66,128.125,,,
1046,1.7,128.125,,,
1047,1.76,128.125,,,
1048,1.81,128.125,,,
1049,1.85,128.125,,,
1050,1.81,131.25,,,
1051,1.83,131.25,,,
1052,1.86,131.25,,,
1053,1.87,131.25,,,
1054,1.85,134.375,,,
1055,1.74,134.375,,,
1056,1.83,131.25,,,
1057,1.89,134.375,,,
1058,1.91,134.375,,,
1059,1.91,134.375,,,
1060,1.89,137.5,,,
1061,1.86,137.5,,,
1062,1.78,137.5,,,
1063,1.69,134.375,,,
1064,1.65,137.5,,,
1065,1.6,137.5,,,
1066,1.53,137.5,,,
1067,1.51,137.5,,,
1068,1.5,140.625,,,
1069,1.44,140.625,,,
1070,1.39,143.75,,,
1071,1.37,143.75,,,
1072,1.33,143.75,,,
1073,1.28,143.75,,,
1074,1.26,143.75,,,
1075,1.24,146.875,,,
1076,1.22,146.875,,,
1077,1.2,146.875,,,
1078,1.18,143.75,,,
1079,1.27,146.875,,,
1080,1.28,146.875,,,
1081,1.28,146.875,,,
1082,1.29,146.875,,,
1083,1.32,146.875,,,
1084,1.31,146.875,,,
1085,1.29,143.75,,,
1086,1.32,146.875,,,
1087,1.32,146.875,,,
1088,1.31,146.875,,,
1089,1.29,146.875,,,
1090,1.2,146.875,,,
1091,1.22,146.875,,,
1092,1.26,143.75,,,
1093,1.29,143.75,,,
1094,1.31,143.75,,,
1095,1.33,143.75,,,
1096,1.36,143.75,,,
1097,1.36,140.625,,,
1098,1.37,143.75,,,
1099,1.39,140.625,,,
1100,1.39,140.625,,,
1101,1.36,143.75,,,
1102,1.33,140.625,,,
1103,1.3,140.625,,,
1104,1.21,143.75,,,
1105,1.15,143.75,,,
1106,1.17,146.875,,,
1107,1.18,146.875,,,
1108,1.21,146.875,,,
1109,1.22,146.875,,,
1110,1.25,146.875,,,
1111,1.26,146.875,,,
1112,1.27,146.875,,,
1113,1.28,146.875,,,
1114,1.28,146.875,,,
1115,1.29,146.875,,,
1116,1.29,146.875,,,
1117,1.26,143.75,,,
1118,1.14,146.875,,,
1119,1.18,146.875,,,
1120,1.22,146.875,,,
1121,1.26,146.875,,,
1122,1.31,146.875,,,
1123,1.36,146.875,,,
1124,1.35,146.875,,,
1125,1.38,146.875,,,
1126,1.46,143.75,,,
1127,1.45,140.625,,,
1128,1.41,137.5,,,
1129,1.46,137.5,,,
1130,1.51,137.5,,,
1131,1.52,137.5,,,
1132,1.55,137.5,,,
1133,1.53,134.375,,,
1134,1.65,140.625,,,
1135,1.67,140.625,,,
1136,1.69,140.625,,,
1137,1.72,137.5,,,
1138,1.75,137.5,,,
1139,1.78,137.5,,,
1140,1.71,134.375,,,
1141,1.75,131.25,,,
1142,1.8,131.25,,,
1143,1.84,131.25,,,
1144,1.89,131.25,,,
1145,1.94,131.25,,,
1146,1.98,128.125,,,
1147,2.01,131.25,,,
1148,2.02,131.25,,,
1149,2.03,131.25,,,
1150,2.02,131.25,,,
1151,1.91,131.25,,,
1152,2.02,131.25,,,
1153,2.07,131.25,,,
1154,2.09,134.375,,,
1155,2.08,131.25,,,
1156,2.07,134.375,,,
1157,2.04,134.375,,,
1158,1.98,134.375,,,
1159,1.91,134.375,,,
1160,1.8,134.375,,,
1161,1.73,134.375,,,
1162,1.76,140.625,,,
1163,1.75,140.625,,,
1164,1.69,140.625,,,
1165,1.63,140.625,,,
1166,1.55,143.75,,,
1167,1.47,143.75,,,
1168,1.43,143.75,,,
1169,1.4,143.75,,,
1170,1.36,143.75,,,
1171,1.31,143.75,,,
1172,1.32,146.875,,,
1173,1.33,150,,,
1174,1.3,150,,,
1175,1.28,150,,,
1176,1.27,146.875,,,
1177,1.27,150,,,
1178,1.27,146.875,,,
1179,1.22,143.75,,,
1180,1.13,140.625,,,
1181,1.11,140.625,,,
1182,1.11,140.625,,,
1183,1.09,140.625,,,
1184,1.1,140.625,,,
1185,1.14,140.625,,,
1186,1.15,146.875,,,
1187,1.18,143.75,,,
1188,1.24,143.75,,,
1189,1.27,143.75,,,
1190,1.31,143.75,,,
1191,1.32,143.75,,,
1192,1.33,140.625,,,
1193,1.33,140.625,,,
1194,1.32,137.5,,,
1195,1.32,134.375,,,
1196,1.32,134.375,,,
1197,1.32,137.5,,,
1198,1.3,137.5,,,
1199,1.28,137.5,,,
1200,1.2,140.625,,,
1201,1.16,140.625,,,
1202,1.19,140.625,,,
1203,1.2,143.75,,,
1204,1.21,143.75,,,
1205,1.23,143.75,,,
1206,1.24,143.75,,,
1207,1.26,143.75,,,
1208,1.27,143.75,,,
1209,1.28,143.75,,,
1210,1.28,140.625,,,
1211,1.28,143.75,,,
1212,1.27,143.75,,,
1213,1.23,140.625,,,
1214,1.1,143.75,,,
1215,1.14,143.75,,,
1216,1.18,140.625,,,
1217,1.22,140.625,,,
1218,1.26,140.625,,,
1219,1.3,140.625,,,
1220,1.29,140.625,,,
1221,1.33,137.5,,,
1222,1.42,137.5,,,
1223,1.47,137.5,,,
1224,1.5,137.5,,,
1225,1.52,134.375,,,
1226,1.45,131.25,,,
1227,1.47,131.25,,,
1228,1.49,131.25,,,
1229,1.5,131.25,,,
1230,1.51,131.25,,,
1231,1.52,131.25,,,
1232,1.55,131.25,,,
1233,1.57,131.25,,,
1234,1.52,128.125,,,
1235,1.54,125,,,
1236,1.56,121.875,,,
1237,1.59,121.875,,,
1238,1.63,121.875,,,
1239,1.68,118.75,,,
1240,1.72,121.875,,,
1241,1.76,121.875,,,
1242,1.8,118.75,,,
1243,1.83,121.875,,,
1244,1.79,125,,,
1245,1.79,128.125,,,
1246,1.78,128.125,,,
1247,1.69,128.125,,,
1248,1.78,128.125,,,
1249,1.82,128.125,,,
1250,1.85,128.125,,,
1251,1.87,128.125,,,
1252,1.84,131.25,,,
1253,1.8,128.125,,,
1254,1.75,131.25,,,
1255,1.68,134.375,,,
1256,1.63,134.375,,,
1257,1.58,134.375,,,
1258,1.51,134.375,,,
1259,1.53,137.5,,,
1260,1.48,140.625,,,
1261,1.42,143.75,,,
1262,1.35,140.625,,,
1263,1.32,143.75,,,
1264,1.29,143.75,,,
1265,1.25,143.75,,,
1266,1.23,143.75,,,
1267,1.2,146.875,,,
1268,1.18,146.875,,,
1269,1.17,143.75,,,
1270,1.25,146.875,,,
1271,1.27,146.875,,,
1272,1.27,146.875,,,
1273,1.27,146.875,,,
1274,1.27,146.875,,,
1275,1.27,146.875,,,
1276,1.29,143.75,,,
1277,1.28,143.75,,,
1278,1.27,140.625,,,
1279,1.29,143.75,,,
1280,1.28,143.75,,,
1281,1.27,143.75,,,
1282,1.18,140.625,,,
1283,1.2,140.625,,,
1284,1.25,140.625,,,
1285,1.29,140.625,,,
1286,1.31,140.625,,,
1287,1.33,140.625,,,
1288,1.35,140.625,,,
1289,1.37,137.5,,,
1290,1.38,137.5,,,
1291,1.38,137.5,,,
1292,1.37,137.5,,,
1293,1.36,137.5,,,
1294,1.34,137.5,,,
1295,1.31,140.625,,,
1296,1.22,140.625,,,
1297,1.16,143.75,,,
1298,1.21,143.75,,,
1299,1.24,146.875,,,
1300,1.26,146.875,,,
1301,1.27,143.75,,,
1302,1.28,146.875,,,
1303,1.29,143.75,,,
1304,1.3,146.875,,,
1305,1.29,143.75,,,
1306,1.28,143.75,,,
1307,1.28,143.75,,,
1308,1.26,143.75,,,
1309,1.21,143.75,,,
1310,1.08,143.75,,,
1311,1.11,143.75,,,
1312,1.15,143.75,,,
1313,1.21,143.75,,,
1314,1.24,143.75,,,
1315,1.29,143.75,,,
1316,1.28,143.75,,,
1317,1.32,143.75,,,
1318,1.4,140.625,,,
1319,1.45,140.625,,,
1320,1.51,137.5,,,
1321,1.53,137.5,,,
1322,1.55,137.5,,,
1323,1.56,137.5,,,
1324,1.58,137.5,,,
1325,1.59,137.5,,,
1326,1.62,137.5,,,
1327,1.63,137.5,,,
1328,1.65,137.5,,,
1329,1.68,137.5,,,
1330,1.71,134.375,,,
1331,1.75,134.375,,,
1332,1.8,134.375,,,
1333,1.85,134.375,,,
1334,1.87,131.25,,,
1335,1.74,125,,,
1336,1.78,128.125,,,
1337,1.82,125,,,
1338,1.86,128.125,,,
1339,1.9,128.125,,,
1340,1.92,128.125,,,
1341,1.92,128.125,,,
1342,1.91,128.125,,,
1343,1.83,128.125,,,
1344,1.94,128.125,,,
1345,2,128.125,,,
1346,2.02,128.125,,,
1347,2.03,128.125,,,
1348,2,128.125,,,
1349,1.96,131.25,,,
1350,1.88,131.25,,,
1351,1.8,134.375,,,
1352,1.74,134.375,,,
1353,1.71,134.375,,,
1354,1.65,134.375,,,
1355,1.59,137.5,,,
1356,1.66,140.625,,,
1357,1.61,143.75,,,
1358,1.54,143.75,,,
1359,1.49,143.75,,,
1360,1.42,143.75,,,
1361,1.39,143.75,,,
1362,1.36,143.75,,,
1363,1.33,143.75,,,
1364,1.3,146.875,,,
1365,1.32,146.875,,,
1366,1.34,146.875,,,
1367,1.35,146.875,,,
1368,1.34,146.875,,,
1369,1.31,150,,,
1370,1.3,146.875,,,
1371,1.32,150,,,
1372,1.33,146.875,,,
1373,1.34,146.875,,,
1374,1.43,153.125,,,
1375,1.42,153.125,,,
1376,1.41,150,,,
1377,1.39,153.125,,,
1378,1.29,150,,,
1379,1.32,150,,,
1380,1.36,146.875,,,
1381,1.39,150,,,
1382,1.42,146.875,,,
1383,1.45,146.875,,,
1384,1.44,146.875,,,
1385,1.42,143.75,,,
1386,1.43,146.875,,,
1387,1.43,143.75,,,
1388,1.43,143.75,,,
1389,1.41,143.75,,,
1390,1.38,143.75,,,
1391,1.38,146.875,,,
1392,1.34,150,,,
1393,1.29,150,,,
1394,1.3,153.125,,,
1395,1.21,150,,,
1396,1.21,150,,,
1397,1.22,150,,,
1398,1.23,150,,,
1399,1.25,146.875,,,
1400,1.24,146.875,,,
1401,1.24,146.875,,,
1402,1.24,146.875,,,
1403,1.22,146.875,,,
1404,1.19,146.875,,,
1405,1.15,146.875,,,
1406,1.04,146.875,,,
1407,1.09,146.875,,,
1408,1.12,143.75,,,
1409,1.15,146.875,,,
1410,1.17,146.875,,,
1411,1.2,146.875,,,
1412,1.21,146.875,,,
1413,1.24,143.75,,,
1414,1.31,143.75,,,
1415,1.36,143.75,,,
1416,1.4,143.75,,,
1417,1.43,143.75,,,
1418,1.45,143.75,,,
1419,1.47,143.75,,,
1420,1.49,143.75,,,
1421,1.5,143.75,,,
1422,1.52,143.75,,,
1423,1.53,143.75,,,
1424,1.52,143.75,,,
1425,1.37,134.375,,,
1426,1.38,134.375,,,
1427,1.4,134.375,,,
1428,1.44,134.375,,,
1429,1.48,134.375,,,
1430,1.52,134.375,,,
1431,1.56,131.25,,,
1432,1.61,131.25,,,
1433,1.65,131.25,,,
1434,1.69,131.25,,,
1435,1.72,131.25,,,
1436,1.75,131.25,,,
1437,1.76,131.25,,,
1438,1.76,131.25,,,
1439,1.6,134.375,,,
1440,1.68,134.375,,,
1441,1.72,131.25,,,
1442,1.77,134.375,,,
1443,1.79,134.375,,,
1444,1.77,137.5,,,
1445,1.73,137.5,,,
1446,1.68,140.625,,,
1447,1.64,140.625,,,
1448,1.59,140.625,,,
1449,1.55,140.625,,,
1450,1.48,140.625,,,
1451,1.43,143.75,,,
1452,1.39,140.625,,,
1453,1.33,143.75,,,
1454,1.4,146.875,,,
1455,1.38,146.875,,,
1456,1.33,150,,,
1457,1.29,146.875,,,
1458,1.24,150,,,
1459,1.2,150,,,
1460,1.18,146.875,,,
1461,1.16,150,,,
1462,1.11,150,,,
1463,1.09,146.875,,,
1464,1.09,146.875,,,
1465,1.16,153.125,,,
1466,1.15,150,,,
1467,1.1,146.875,,,
1468,1.08,146.875,,,
1469,1.07,146.875,,,
1470,1.07,146.875,,,
1471,1.07,146.875,,,
1472,0.99,146.875,,,
1473,0.96,146.875,,,
1474,0.93,146.875,,,
1475,1.03,143.75,,,
1476,1.16,143.75,,,
1477,1.21,143.75,,,
1478,1.25,143.75,,,
1479,1.27,143.75,,,
1480,1.3,143.75,,,
1481,1,128.125,,,
1482,1.08,131.25,,,
1483,1.25,137.5,,,
1484,1.34,143.75,,,
1485,1.35,140.625,,,
1486,1.34,143.75,,,
1487,1.29,143.75,,,
1488,1.24,146.875,,,
1489,1.19,146.875,,,
1490,1.2,146.875,,,
1491,1.21,146.875,,,
1492,1.22,146.875,,,
1493,1.23,146.875,,,
1494,1.24,146.875,,,
1495,1.25,146.875,,,
1496,1.26,143.75,,,
1497,1.26,146.875,,,
1498,1.27,146.875,,,
1499,1.26,146.875,,,
1500,1.24,143.75,,,
1501,1.21,146.875,,,
1502,1.1,146.875,,,
1503,1.12,146.875,,,
1504,1.17,146.875,,,
1505,1.22,146.875,,,
1506,1.25,146.875,,,
1507,1.29,146.875,,,
1508,1.28,143.75,,,
1509,1.31,146.875,,,
1510,1.39,143.75,,,
1511,1.46,143.75,,,
1512,1.5,143.75,,,
1513,1.53,143.75,,,
1514,1.55,140.625,,,
1515,1.57,143.75,,,
1516,1.58,143.75,,,
1517,1.53,140.625,,,
1518,1.52,140.625,,,
1519,1.54,140.625,,,
1520,1.55,140.625,,,
1521,1.58,140.625,,,
1522,1.6,137.5,,,
1523,1.61,137.5,,,
1524,1.63,137.5,,,
1525,1.69,137.5,,,
1526,1.62,134.375,,,
1527,1.66,131.25,,,
1528,1.7,131.25,,,
1529,1.75,131.25,,,
1530,1.78,131.25,,,
1531,1.81,131.25,,,
1532,1.82,131.25,,,
1533,1.81,131.25,,,
1534,1.78,131.25,,,
1535,1.62,134.375,,,
1536,1.71,134.375,,,
1537,1.76,134.375,,,
1538,1.8,137.5,,,
1539,1.82,137.5,,,
1540,1.8,137.5,,,
1541,1.76,137.5,,,
1542,1.7,140.625,,,
1543,1.66,140.625,,,
1544,1.61,140.625,,,
1545,1.57,143.75,,,
1546,1.53,143.75,,,
1547,1.49,143.75,,,
1548,1.46,146.875,,,
1549,1.5,146.875,,,
1550,1.49,150,,,
1551,1.56,153.125,,,
1552,1.53,156.25,,,
1553,1.49,153.125,,,
1554,1.45,153.125,,,
1555,1.39,153.125,,,
1556,1.34,156.25,,,
1557,1.36,156.25,,,
1558,1.34,159.375,,,
1559,1.32,156.25,,,
1560,1.33,156.25,,,
1561,1.37,156.25,,,
1562,1.38,156.25,,,
1563,1.39,156.25,,,
1564,1.39,153.125,,,
1565,1.39,153.125,,,
1566,1.38,153.125,,,
1567,1.29,146.875,,,
1568,1.29,146.875,,,
1569,1.37,150,,,
1570,1.31,153.125,,,
1571,1.32,153.125,,,
1572,1.29,146.875,,,
1573,1.27,146.875,,,
1574,1.34,146.875,,,
1575,1.41,150,,,
1576,1.44,150,,,
1577,1.47,146.875,,,
1578,1.48,146.875,,,
1579,1.48,146.875,,,
1580,1.47,146.875,,,
1581,1.47,146.875,,,
1582,1.43,146.875,,,
1583,1.4,150,,,
1584,1.31,150,,,
1585,1.26,153.125,,,
1586,1.28,153.125,,,
1587,1.29,153.125,,,
1588,1.31,153.125,,,
1589,1.31,153.125,,,
1590,1.32,153.125,,,
1591,1.32,153.125,,,
1592,1.28,150,,,
1593,1.21,146.875,,,
1594,1.18,150,,,
1595,1.16,150,,,
1596,1.16,146.875,,,
1597,1.14,146.875,,,
1598,1.02,146.875,,,
1599,1.03,146.875,,,
1600,1.08,146.875,,,
1601,1.12,146.875,,,
1602,1.15,146.875,,,
1603,1.2,146.875,,,
1604,1.21,146.875,,,
1605,1.24,146.875,,,
1606,1.32,146.875,,,
1607,1.36,143.75,,,
1608,1.4,140.625,,,
1609,1.43,143.75,,,
1610,1.44,143.75,,,
1611,1.47,143.75,,,
1612,1.51,143.75,,,
1613,1.66,146.875,,,
1614,1.68,146.875,,,
1615,1.69,146.875,,,
1616,1.72,146.875,,,
1617,1.75,146.875,,,
1618,1.6,140.625,,,
1619,1.62,140.625,,,
1620,1.61,137.5,,,
1621,1.53,131.25,,,
1622,1.56,131.25,,,
1623,1.61,131.25,,,
1624,1.66,131.25,,,
1625,1.69,131.25,,,
1626,1.73,131.25,,,
1627,1.76,131.25,,,
1628,1.77,131.25,,,
1629,1.78,131.25,,,
1630,1.77,131.25,,,
1631,1.68,131.25,,,
1632,1.77,131.25,,,
1633,1.78,131.25,,,
1634,1.79,131.25,,,
1635,1.8,131.25,,,
1636,1.71,134.375,,,
1637,1.64,137.5,,,
1638,1.58,137.5,,,
1639,1.52,137.5,,,
1640,1.52,140.625,,,
1641,0.82,115.625,,,
1642,1.05,128.125,,,
1643,1.27,140.625,,,
1644,1.45,146.875,,,
1645,1.42,146.875,,,
1646,1.37,143.75,,,
1647,1.32,146.875,,,
1648,1.28,146.875,,,
1649,1.25,146.875,,,
1650,1.21,146.875,,,
1651,1.25,150,,,
1652,1.26,153.125,,,
1653,1.26,150,,,
1654,1.26,150,,,
1655,1.26,150,,,
1656,1.22,150,,,
1657,1.19,146.875,,,
1658,1.18,146.875,,,
1659,1.21,146.875,,,
1660,1.28,146.875,,,
1661,1.29,146.875,,,
1662,1.28,146.875,,,
1663,1.23,146.875,,,
1664,1.25,146.875,,,
1665,1.2,143.75,,,
1666,1.18,146.875,,,
1667,1.19,146.875,,,
1668,1.24,146.875,,,
1669,1.25,143.75,,,
1670,1.28,143.75,,,
1671,1.29,143.75,,,
1672,1.31,143.75,,,
1673,1.32,140.625,,,
1674,1.33,143.75,,,
1675,1.34,143.75,,,
1676,1.34,143.75,,,
1677,1.34,140.625,,,
1678,1.31,143.75,,,
1679,1.28,143.75,,,
1680,1.2,146.875,,,
1681,1.14,146.875,,,
1682,1,140.625,,,
1683,0.71,128.125,,,
1684,0.9,134.375,,,
1685,1.14,143.75,,,
1686,1.19,146.875,,,
1687,1.22,146.875,,,
1688,1.24,143.75,,,
1689,1.26,146.875,,,
1690,1.26,146.875,,,
1691,1.26,146.875,,,
1692,1.25,146.875,,,
1693,1.22,146.875,,,
1694,1.1,146.875,,,
1695,1.11,146.875,,,
1696,1.16,146.875,,,
1697,1.2,146.875,,,
1698,1.24,143.75,,,
1699,1.4,150,,,
1700,1.43,150,,,
1701,1.44,150,,,
1702,1.51,150,,,
1703,1.54,146.875,,,
1704,1.58,146.875,,,
1705,1.6,146.875,,,
1706,1.63,143.75,,,
1707,1.64,146.875,,,
1708,1.61,143.75,,,
1709,1.58,140.625,,,
1710,1.35,131.25,,,
1711,1.12,121.875,,,
1712,0.76,109.375,,,
1713,0.67,103.125,,,
1714,0.66,100,,,
1715,0.67,100,,,
1716,0.68,96.875,,,
1717,0.69,100,,,
1718,0.71,96.875,,,
1719,0.73,93.75,,,
1720,0.75,93.75,,,
1721,0.76,93.75,,,
1722,0.74,96.875,,,
1723,0.81,100,,,
1724,0.83,100,,,
1725,0.89,103.125,,,
1726,0.88,103.125,,,
1727,0.84,106.25,,,
1728,0.89,103.125,,,
1729,0.91,103.125,,,
1730,0.93,106.25,,,
1731,0.94,103.125,,,
1732,0.93,106.25,,,
1733,0.9,109.375,,,
1734,0.88,109.375,,,
1735,1.04,118.75,,,
1736,1.2,125,,,
1737,1.22,128.125,,,
1738,1.25,131.25,,,
1739,1.24,131.25,,,
1740,1.22,134.375,,,
1741,1.18,134.375,,,
1742,1.15,137.5,,,
1743,1.11,137.5,,,
1744,1.09,137.5,,,
1745,1.06,137.5,,,
1746,1.05,137.5,,,
1747,1.04,137.5,,,
1748,1.08,140.625,,,
1749,1.08,140.625,,,
1750,1.1,140.625,,,
1751,1.11,143.75,,,
1752,1.11,140.625,,,
1753,1.11,143.75,,,
1754,1.14,143.75,,,
1755,1.19,143.75,,,
1756,1.2,143.75,,,
1757,1.2,143.75,,,
1758,1.2,140.625,,,
1759,1.17,143.75,,,
1760,1.15,146.875,,,
1761,1.2,140.625,,,
1762,1.11,140.625,,,
1763,1.16,140.625,,,
1764,1.23,140.625,,,
1765,1.19,137.5,,,
1766,1.28,140.625,,,
1767,1.3,140.625,,,
1768,1.31,143.75,,,
1769,1.31,140.625,,,
1770,1.31,140.625,,,
1771,1.34,140.625,,,
1772,1.33,137.5,,,
1773,1.32,140.625,,,
1774,1.3,140.625,,,
1775,1.26,140.625,,,
1776,1.17,143.75,,,
1777,1.12,143.75,,,
1778,1.09,143.75,,,
1779,1.08,143.75,,,
1780,1.1,143.75,,,
1781,1.1,143.75,,,
1782,1.13,143.75,,,
1783,1.14,143.75,,,
1784,1.13,140.625,,,
1785,1.12,140.625,,,
1786,1.12,140.625,,,
1787,1.13,140.625,,,
1788,1.12,140.625,,,
1789,1.08,140.625,,,
1790,0.96,140.625,,,
1791,0.96,140.625,,,
1792,1,140.625,,,
1793,1.04,140.625,,,
1794,1.2,143.75,,,
1795,1.26,143.75,,,
1796,1.32,146.875,,,
1797,1.35,150,,,
1798,1.43,146.875,,,
1799,1.49,146.875,,,
1800,1.51,143.75,,,
1801,1.53,143.75,,,
1802,1.54,143.75,,,
1803,1.57,143.75,,,
1804,1.6,143.75,,,
1805,1.6,143.75,,,
1806,1.61,143.75,,,
1807,1.69,143.75,,,
1808,1.65,143.75,,,
1809,1.44,134.375,,,
1810,1.41,131.25,,,
1811,1.45,131.25,,,
1812,1.49,131.25,,,
1813,1.52,128.125,,,
1814,1.56,128.125,,,
1815,1.6,128.125,,,
1816,1.64,128.125,,,
1817,1.67,131.25,,,
1818,1.7,128.125,,,
1819,1.74,128.125,,,
1820,1.75,131.25,,,
1821,1.76,128.125,,,
1822,1.74,131.25,,,
1823,1.67,131.25,,,
1824,1.77,131.25,,,
1825,1.82,131.25,,,
1826,1.85,131.25,,,
1827,1.86,131.25,,,
1828,1.85,131.25,,,
1829,1.81,134.375,,,
1830,1.76,134.375,,,
1831,1.74,137.5,,,
1832,1.75,140.625,,,
1833,1.7,140.625,,,
1834,1.65,140.625,,,
1835,1.6,143.75,,,
1836,1.54,140.625,,,
1837,1.49,143.75,,,
1838,1.43,146.875,,,
1839,1.36,143.75,,,
1840,1.33,143.75,,,
1841,1.3,143.75,,,
1842,1.27,143.75,,,
1843,1.25,143.75,,,
1844,1.22,143.75,,,
1845,1.19,146.875,,,
1846,1.2,146.875,,,
1847,1.26,150,,,
1848,1.26,150,,,
1849,1.26,150,,,
1850,1.25,150,,,
1851,1.24,146.875,,,
1852,1.19,143.75,,,
1853,1.25,146.875,,,
1854,1.3,150,,,
1855,1.29,150,,,
1856,1.28,146.875,,,
1857,1.28,150,,,
1858,1.2,146.875,,,
1859,1.21,146.875,,,
1860,1.26,143.75,,,
1861,1.29,143.75,,,
1862,1.32,143.75,,,
1863,1.35,143.75,,,
1864,1.39,143.75,,,
1865,1.51,146.875,,,
1866,1.5,146.875,,,
1867,1.51,146.875,,,
1868,1.51,146.875,,,
1869,1.51,146.875,,,
1870,1.47,146.875,,,
1871,1.43,146.875,,,
1872,1.37,150,,,
1873,1.31,150,,,
1874,1.34,150,,,
1875,1.36,150,,,
1876,1.39,153.125,,,
1877,1.4,153.125,,,
1878,1.41,150,,,
1879,1.43,150,,,
1880,1.43,150,,,
1881,1.44,153.125,,,
1882,1.43,150,,,
1883,1.38,146.875,,,
1884,1.35,146.875,,,
1885,1.36,146.875,,,
1886,1.22,150,,,
1887,1.23,146.875,,,
1888,1.27,150,,,
1889,1.32,146.875,,,
1890,1.36,146.875,,,
1891,1.41,146.875,,,
1892,1.31,143.75,,,
1893,1.3,143.75,,,
1894,1.39,143.75,,,
1895,1.44,143.75,,,
1896,1.48,140.625,,,
1897,1.51,140.625,,,
1898,1.52,140.625,,,
1899,1.54,140.625,,,
1900,1.54,140.625,,,
1901,1.56,140.625,,,
1902,1.59,140.625,,,
1903,1.61,137.5,,,
1904,1.62,137.5,,,
1905,1.65,140.625,,,
1906,1.67,140.625,,,
1907,1.7,140.625,,,
1908,1.72,137.5,,,
1909,1.67,134.375,,,
1910,1.62,128.125,,,
1911,1.66,131.25,,,
1912,1.71,128.125,,,
1913,1.74,128.125,,,
1914,1.77,128.125,,,
1915,1.8,128.125,,,
1916,1.8,131.25,,,
1917,1.74,131.25,,,
1918,1.71,131.25,,,
1919,1.62,131.25,,,
1920,1.71,131.25,,,
1921,1.76,131.25,,,
1922,1.78,134.375,,,
1923,1.79,134.375,,,
1924,1.78,134.375,,,
1925,1.74,134.375,,,
1926,1.74,134.375,,,
1927,1.71,134.375,,,
1928,1.66,134.375,,,
1929,1.61,137.5,,,
1930,1.57,137.5,,,
1931,1.52,137.5,,,
1932,1.58,143.75,,,
1933,1.53,143.75,,,
1934,1.46,146.875,,,
1935,1.4,143.75,,,
1936,1.32,143.75,,,
1937,1.27,146.875,,,
1938,1.25,146.875,,,
1939,1.23,146.875,,,
1940,1.21,146.875,,,
1941,1.19,146.875,,,
1942,1.19,146.875,,,
1943,1.22,150,,,
1944,1.23,150,,,
1945,1.26,150,,,
1946,1.27,150,,,
1947,1.26,146.875,,,
1948,1.24,146.875,,,
1949,1.24,146.875,,,
1950,1.24,146.875,,,
1951,1.23,146.875,,,
1952,1.26,143.75,,,
1953,1.27,146.875,,,
1954,1.19,146.875,,,
1955,1.21,146.875,,,
1956,1.25,146.875,,,
1957,1.28,146.875,,,
1958,1.3,143.75,,,
1959,1.33,143.75,,,
1960,1.33,143.75,,,
1961,1.35,143.75,,,
1962,1.35,140.625,,,
1963,1.36,140.625,,,
1964,1.38,143.75,,,
1965,1.37,143.75,,,
1966,1.42,150,,,
1967,1.45,150,,,
1968,1.38,153.125,,,
1969,1.33,150,,,
1970,1.36,156.25,,,
1971,1.37,156.25,,,
1972,1.33,150,,,
1973,1.34,153.125,,,
1974,1.36,153.125,,,
1975,1.28,146.875,,,
1976,1.26,143.75,,,
1977,1.26,146.875,,,
1978,1.28,146.875,,,
1979,1.28,143.75,,,
1980,1.26,146.875,,,
1981,1.24,146.875,,,
1982,1.13,146.875,,,
1983,1.14,146.875,,,
1984,1.19,143.75,,,
1985,1.23,146.875,,,
1986,1.28,146.875,,,
1987,1.32,146.875,,,
1988,1.32,146.875,,,
1989,1.34,143.75,,,
1990,1.42,143.75,,,
1991,1.47,143.75,,,
1992,1.51,143.75,,,
1993,1.52,143.75,,,
1994,1.56,140.625,,,
1995,1.59,143.75,,,
1996,1.59,140.625,,,
1997,1.58,140.625,,,
1998,1.57,140.625,,,
1999,1.59,140.625,,,
2000,1.61,140.625,,,
2001,1.63,140.625,,,
2002,1.55,134.375,,,
2003,1.48,131.25,,,
2004,1.52,131.25,,,
2005,1.57,131.25,,,
2006,1.6,128.125,,,
2007,1.83,134.375,,,
2008,1.89,134.375,,,
2009,1.93,134.375,,,
2010,1.98,134.375,,,
2011,2.01,134.375,,,
2012,2.03,134.375,,,
2013,2.03,137.5,,,
2014,2.01,134.375,,,
2015,1.93,134.375,,,
2016,2.03,134.375,,,
2017,2.08,134.375,,,
2018,2.11,134.375,,,
2019,2.12,134.375,,,
2020,2.09,134.375,,,
2021,2.04,137.5,,,
2022,1.97,140.625,,,
2023,1.89,140.625,,,
2024,1.81,143.75,,,
2025,1.53,134.375,,,
2026,1.36,131.25,,,
2027,1.34,134.375,,,
2028,1.28,134.375,,,
2029,1.29,137.5,,,
2030,1.27,137.5,,,
2031,1.27,140.625,,,
2032,1.23,140.625,,,
2033,1.19,140.625,,,
2034,1.27,143.75,,,
2035,1.33,146.875,,,
2036,1.35,146.875,,,
2037,1.33,146.875,,,
2038,1.31,150,,,
2039,1.3,146.875,,,
2040,1.28,150,,,
2041,1.27,150,,,
2042,1.27,150,,,
2043,1.25,146.875,,,
2044,1.24,146.875,,,
2045,1.23,146.875,,,
2046,1.24,146.875,,,
2047,1.24,146.875,,,
2048,1.23,146.875,,,
2049,1.22,146.875,,,
2050,1.13,143.75,,,
2051,1.13,143.75,,,
2052,1.18,143.75,,,
2053,1.19,140.625,,,
2054,1.21,140.625,,,
2055,1.23,140.625,,,
2056,1.24,140.625,,,
2057,1.26,140.625,,,
2058,1.26,140.625,,,
2059,1.26,137.5,,,
2060,1.25,140.625,,,
2061,1.25,140.625,,,
2062,1.22,140.625,,,
2063,1.19,140.625,,,
2064,1.13,143.75,,,
2065,1.08,143.75,,,
2066,1.11,143.75,,,
2067,1.12,146.875,,,
2068,1.13,146.875,,,
2069,1.14,143.75,,,
2070,1.12,143.75,,,
2071,1.06,140.625,,,
2072,1.12,143.75,,,
2073,1.16,143.75,,,
2074,1.19,143.75,,,
2075,1.2,146.875,,,
2076,1.2,143.75,,,
2077,1.17,143.75,,,
2078,1.07,143.75,,,
2079,1.09,146.875,,,
2080,1.14,143.75,,,
2081,1.17,146.875,,,
2082,1.2,146.875,,,
2083,1.24,143.75,,,
2084,1.26,143.75,,,
2085,1.25,143.75,,,
2086,1.33,143.75,,,
2087,1.39,143.75,,,
2088,1.44,143.75,,,
2089,1.48,143.75,,,
2090,1.51,143.75,,,
2091,1.53,140.625,,,
2092,1.56,143.75,,,
2093,1.57,143.75,,,
2094,1.58,140.625,,,
2095,1.59,143.75,,,
2096,1.62,143.75,,,
2097,1.6,140.625,,,
2098,1.6,140.625,,,
2099,1.67,140.625,,,
2100,1.7,137.5,,,
2101,1.74,137.5,,,
2102,1.78,137.5,,,
2103,1.77,137.5,,,
2104,1.79,137.5,,,
2105,1.83,134.375,,,
2106,1.92,137.5,,,
2107,1.97,137.5,,,
2108,1.99,140.625,,,
2109,2.01,137.5,,,
2110,1.98,140.625,,,
2111,1.91,140.625,,,
2112,2.02,137.5,,,
2113,2.02,140.625,,,
2114,1.97,140.625,,,
2115,1.98,140.625,,,
2116,1.98,143.75,,,
2117,1.93,143.75,,,
2118,1.88,146.875,,,
2119,1.84,143.75,,,
2120,1.79,143.75,,,
2121,1.77,146.875,,,
2122,1.74,146.875,,,
2123,1.71,150,,,
2124,1.68,150,,,
2125,1.63,150,,,
2126,1.58,150,,,
2127,1.53,150,,,
2128,1.49,153.125,,,
2129,1.45,150,,,
2130,1.39,153.125,,,
2131,1.35,153.125,,,
2132,1.33,153.125,,,
2133,1.29,153.125,,,
2134,1.25,153.125,,,
2135,1.21,153.125,,,
2136,1.19,153.125,,,
2137,1.17,150,,,
2138,1.17,153.125,,,
2139,1.16,150,,,
2140,1.15,150,,,
2141,1.12,150,,,
2142,1.05,146.875,,,
2143,1.04,146.875,,,
2144,0.97,146.875,,,
2145,0.98,146.875,,,
2146,0.93,146.875,,,
2147,0.97,146.875,,,
2148,1.1,143.75,,,
2149,1.23,146.875,,,
2150,1.33,146.875,,,
